MASTER PATH,DISH CALL,SLING CALL,MULTICAST,PORT,SSM1,SSM2,BUNDLE NAME,In Use,Sentry Number,Audio_1,Audio_2,Primary Port,Backup Port
24TAAS,24TAAS,24TAAS,232.70.6.103,1234,172.31.27.22,172.31.28.22,TATA,Yes,Sentry 1,0,1 Audio 2.0,Port 0,Port 1000
2MMND,2MMND,2MMND,232.70.1.87,3101,172.31.27.71,172.31.28.71,MX1,Yes,Sentry 1,0,1 Audio 2.0,Port 1,Port 1001
4FUFIDA,4FUFIDA,4FUFIDA,232.23.13.46,3101,172.31.1.24,172.31.2.24,NEXTOLOGIES,Yes,Sentry 1,1,"1:Audio 2.0 2:EAC3,qaa",Port 2,Port 1002
4FUNHIT,4FUNHIT,4FUNHIT,232.23.13.47,3101,172.31.1.24,172.31.2.24,NEXTOLOGIES,Yes,Sentry 1,1,"1:Audio 2.0 2:EAC3,qaa",Port 3,Port 1003
4FUNPL,4FUNPL,4FUNPL,232.23.13.45,3101,172.31.1.24,172.31.2.24,NEXTOLOGIES,Yes,Sentry 1,1,"1:Audio 2.0 2:EAC3,qaa",Port 4,Port 1004
9XTAS,9XTAS,9XTAS,232.20.97.176,3101,172.31.1.21,172.31.2.21,DBS,Yes,Sentry 1,0,1 Audio 2.0,Port 5,Port 1005
A&ESTR,A&E,AESTR,232.70.3.1,1234,172.31.27.21,172.31.28.21,AandE,Yes,Sentry 1,AC3,1:Audio2.0 2:AC3,Port 6,Port 1006
AAGUSA,AAGTV,AAGTV,232.20.96.44,3101,172.31.1.22,172.31.2.22,DBS,Yes,Sentry 1,0,1 Audio 2.0,Port 7,Port 1007
AAJENT,AAJET,AAJENT,232.20.97.205,3101,172.31.1.23,172.31.2.23,DBS,Yes,Sentry 1,0,1 Audio 2.0,Port 8,Port 1008
AAJTK,AAJTK,AAJTK,232.20.214.43,3101,172.31.1.24,172.31.2.24,Che Tiger Tech,Yes,Sentry 1,0,1:Audio2.0 2:Audio2.0,Port 9,Port 1009
AASTH,ASTHA,AASTH,232.20.214.16,3101,172.31.1.24,172.31.2.24,Che BT Tower,Yes,Sentry 1,0,1 Audio 2.0,Port 10,Port 1010
AATH,AATH,AATH,232.20.96.20,3101,172.31.1.21,172.31.2.21,DBS,Yes,Sentry 1,0,1 Audio 2.0,Port 11,Port 1011
STADIUM,STADIUM,STADIUM,232.70.4.6,1234,172.31.27.23,172.31.28.23,LTN,Yes,Sentry 1,0,1:Audio2.0 2:Audio2.0,Port 12,Port 1012
ADTYA,ADTYA,ADTYA,232.20.95.88,3101,172.31.1.21,172.31.2.21,DBS,Yes,Sentry 1,0,1 Audio 2.0,Port 13,Port 1013
Adventure TV,ADVTV,ADVTV,232.20.96.165,3101,172.31.1.24,172.31.2.24,Che NEXTOLOGIES,Yes,Sentry 1,0,1 Audio 2.0,Port 14,Port 1014
AFAQTV,AFAQTV,AFAQTV,232.23.13.51,3101,172.31.1.24,172.31.2.24,NEXTOLOGIES,Yes,Sentry 1,0,1 Audio 2.0,Port 15,Port 1015
AFR,AFR,AFR,232.70.5.32,1234,172.31.27.23,172.31.28.23,ZIXI,Yes,Sentry 1,0,1 AAC2.0,Port 16,Port 1016
AGHAPY,AGAPY,AGHAPY,232.20.96.72,3101,172.31.1.21,172.31.2.21,DBS,Yes,Sentry 1,0,1 Audio 2.0,Port 17,Port 1017
AGHNI2,AGHNI2,AGHNI2,232.70.1.72,3101,172.31.27.71,172.31.28.71,MX1,Yes,Sentry 1,0,"1 Audio 2.0,ara",Port 18,Port 1018
ALAFAS,NA,ALAFAS,232.23.13.10,3101,172.31.1.22,172.31.2.22,NEXTOLOGIES,Yes,Sentry 1,0,1 Audio 2.0,Port 19,Port 1019
ALATV,ALATV,ALATV,232.70.1.66,3101,172.31.27.71,172.31.28.71,MX1,Yes,Sentry 1,0,1 Audio 1.0,Port 20,Port 1020
ALDYR,ALDYR,ALDYR,232.70.1.73,3101,172.31.27.71,172.31.28.71,MX1,Yes,Sentry 1,0,1 Audio 2.0,Port 21,Port 1021
ALEKH,NA,ALEKH,232.23.13.32,3101,172.31.1.24,172.31.2.24,NEXTOLOGIES,Yes,Sentry 1,0,1 Audio 2.0,Port 22,Port 1022
ALFAL,ALFAL,ALFAL,232.70.1.33,3101,172.31.27.71,172.31.28.71,MX1,Yes,Sentry 1,0,1 Audio 2.0,Port 23,Port 1023
ALFALL,NA,ALFALL,232.70.1.41,3101,172.31.27.71,172.31.28.71,MX1,Yes,Sentry 1,0,1 Audio 2.0,Port 24,Port 1024
ALFATH,NA,ALFATH,232.70.1.39,3101,172.31.27.71,172.31.28.71,MX1,Yes,Sentry 1,0,"1 Audio 2.0,eng",Port 25,Port 1025
ALHQN,ALHQN,ALHQN,232.70.1.71,3101,172.31.27.71,172.31.28.71,MX1,Yes,Sentry 1,0,1 Audio 2.0,Port 26,Port 1026
ALHSR,ALHSR,ALHSR,232.70.1.67,3101,172.31.27.71,172.31.28.71,MX1,Yes,Sentry 1,0,"1 Audio 1.0,eng",Port 27,Port 1027
ALHY1,ALHY1,ALHY1,232.20.214.57,3101,172.31.1.22,172.31.2.22,Che OVERON,Yes,Sentry 1,0,"1:Audio1.0,eng 2:Audio1.0,eng",Port 28,Port 1028
ALHY2,ALHY2,ALHY2,232.70.1.56,3101,172.31.27.71,172.31.28.71,MX1,Yes,Sentry 1,0,1:Audio1.0 2:Audio1.0,Port 29,Port 1029
ALIRAQ,NA,ALIRAQ,232.70.1.43,3101,172.31.27.71,172.31.28.71,MX1,Yes,Sentry 1,0,"1 Audio 2.0,eng",Port 30,Port 1030
ALMAG,ALMAG,ALMAG,232.23.13.25,3101,172.31.1.22,172.31.2.22,NEXTOLOGIES,Yes,Sentry 1,0,"1 Audio 2.0,eng",Port 31,Port 1031
ALMAG2,NA,ALMAG2,232.23.13.26,3101,172.31.1.22,172.31.2.22,NEXTOLOGIES,Yes,Sentry 1,0,"1 Audio 2.0,eng",Port 32,Port 1032
ALMAGH,NA,ALMAGH,232.23.13.54,3101,172.31.1.24,172.31.2.24,NEXTOLOGIES,Yes,Sentry 1,0,1 Audio 1.0,Port 33,Port 1033
OLD_ALMDH,OLD_ALMDH,OLD_ALMDH,232.70.1.84,3101,172.31.27.71,172.31.28.71,MX1,No,Sentry 1,0,N/A,Port 34,Port 1034
ALNAS,NA,ALNAS,232.70.1.30,3101,172.31.27.71,172.31.28.71,MX1,Yes,Sentry 1,0,"1 Audio 2.0,eng",Port 35,Port 1035
ALPHA,ALPHA,ALPHA,232.20.214.34,3101,172.31.1.24,172.31.2.24,Che MX1,Yes,Sentry 1,0,1 Audio 2.0,Port 36,Port 1036
ALRES,ALRES,ALRES,232.23.13.38,3101,172.31.1.24,172.31.2.24,NEXTOLOGIES,Yes,Sentry 1,0,"1 Audio 2.0,eng",Port 37,Port 1037
OLD_ALSEHA,NA,OLD_ALSEHA,232.23.13.9,3101,172.31.1.22,172.31.2.22,NEXTOLOGIES,No,Sentry 1,0,N/A,Port 38,Port 1038
ALSHAR,NA,ALSHAR,232.23.13.52,3101,172.31.1.24,172.31.2.24,NEXTOLOGIES,Yes,Sentry 1,0,1 Audio 2.0,Port 39,Port 1039
ALYAUM,ALYWM,ALYAUM,232.20.214.25,3101,172.31.1.24,172.31.2.24,Che TATA,Yes,Sentry 1,0,1 Audio 2.0,Port 40,Port 1040
AMC,AMC,AMCSTR,232.70.2.71,1234,172.31.27.23,172.31.28.23,AMC_,Yes,Sentry 1,1,"1:AC3 5.1,eng 2:AC3,spa",Port 41,Port 1041
OLD_ANDRM,ANDRM,OLD_ANDRM,232.20.95.80,3101,172.31.1.21,172.31.2.21,DBS,No,Sentry 1,0,N/A,Port 42,Port 1042
ANDTV,&TV,ANDTV,232.20.97.183,3101,172.31.1.21,172.31.2.21,DBS,Yes,Sentry 1,1,"1:AC3 2:Audio, 2.0",Port 43,Port 1043
ANHTV,AHTV,ANHTV,232.20.96.34,3101,172.31.1.21,172.31.2.21,DBS,Yes,Sentry 1,0,"1 Audio 2.0,eng",Port 44,Port 1044
ANT3I,ANT3,ANT3I,232.23.138.92,3101,172.31.1.21,172.31.2.21,DBS,Yes,Sentry 1,0,1 Audio 2.0,Port 45,Port 1045
ANTEN,ANTEN,ANTEN,232.20.97.78,3101,172.31.1.24,172.31.2.24,Che OVERON,Yes,Sentry 1,0,"1:Audio 2.0,eng 2Audio 2.0,eng",Port 46,Port 1046
AOULA,NA,AOULA,232.23.13.50,3101,172.31.1.24,172.31.2.24,NEXTOLOGIES,Yes,Sentry 1,0,1 Audio 1+1.0,Port 47,Port 1047
ARABYIA,ALARA,ARABIYA,232.20.214.46,3101,172.31.1.24,172.31.2.24,DBS,Yes,Sentry 1,0,"1 Audio 2.0,ara",Port 48,Port 1048
ARBMU,ARBMU,ARBMU,232.20.94.88,3101,172.31.1.22,172.31.2.22,DBS,Yes,Sentry 1,0,"1 Audio 2.0,eng",Port 49,Port 1049
ARIHANTTV,NA,ARIHANTTV,232.23.13.14,3101,172.31.1.22,172.31.2.22,NEXTOLOGIES,Yes,Sentry 1,0,"1 Audio 2.0,eng",Port 50,Port 1050
ARMO,ARTMV,ARMO,232.20.97.40,3101,172.31.1.21,172.31.2.21,DBS,Yes,Sentry 1,0,"1 Audio 2.0,eng",Port 51,Port 1051
ARTA1,ARTA1,ARTA1,232.20.214.26,3101,172.31.1.24,172.31.2.24,Che TATA,Yes,Sentry 1,0,1 Audio 2.0,Port 52,Port 1052
ARTAF2,ARTA2,ARTAF2,232.20.214.27,3101,172.31.1.24,172.31.2.24,Che TATA,Yes,Sentry 1,0,1 Audio 2.0,Port 53,Port 1053
ARTAMER,ART,ARTAMER,232.20.214.61,3101,172.31.1.22,172.31.2.22,Che OVERON,Yes,Sentry 1,1,"1:Audio 2.0,eng 2Audio 2.0,ara",Port 54,Port 1054
CIMA,CIMA,CIMA,232.20.214.53,3101,172.31.1.22,172.31.2.22,Che OVERON,Yes,Sentry 1,0,"1 Audio 2.0,eng",Port 55,Port 1055
ARTCN,ARTCN,ARTCN,232.23.13.155,3101,172.31.1.21,172.31.2.21,NEXTOLOGIES,Yes,Sentry 1,0,1 Audio 2.0,Port 56,Port 1056
OLD_ARTH2,OLD_ARTH2,OLD_ARTH2,232.20.97.101,3101,172.31.1.22,172.31.2.22,Che TATA,No,Sentry 1,0,N/A,Port 57,Port 1057
ARYDI,ARYDI,ARYDI,232.20.214.21,3101,172.31.1.24,172.31.2.24,Che BT Tower,Yes,Sentry 1,0,1 Audio 2.0,Port 58,Port 1058
ARYNEWS,ARYNW,ARYNEWS,232.20.214.20,3101,172.31.1.24,172.31.2.24,Che BT Tower,Yes,Sentry 1,0,1 Audio 2.0,Port 59,Port 1059
ARYZAUQ,ARYZQ,ARYZAUQ,232.20.214.22,3101,172.31.1.24,172.31.2.24,Che BT Tower,Yes,Sentry 1,0,1 Audio 2.0,Port 60,Port 1060
ASIA,TVASA,ASIA,232.20.6.130,3101,172.31.1.21,172.31.2.21,Che VYVX,Yes,Sentry 1,0,1 Audio AC3,Port 61,Port 1061
OLD_ASIANT,OLD_NA,OLD_ASIANT,232.20.96.117,3101,172.31.1.21,172.31.2.21,DBS,No,Sentry 1,0,N/A,Port 62,Port 1062
OLD_ASNMV,OLD_NA,OLD_ASNMV,232.20.96.119,3101,172.31.1.21,172.31.2.21,DBS,No,Sentry 1,0,N/A,Port 63,Port 1063
OLD_ASNNW,OLD_NA,OLD_ASIANWS,232.20.96.120,3101,172.31.1.21,172.31.2.21,DBS,No,Sentry 1,0,N/A,Port 64,Port 1064
OLD_ASNPL,OLD_ASNPL,OLD_ASNPL,232.20.96.118,3101,172.31.1.21,172.31.2.21,DBS,No,Sentry 1,0,N/A,Port 65,Port 1065
ATHAQ,NA,ATHAQ,232.23.13.59,3101,172.31.1.24,172.31.2.24,NEXTOLOGIES,Yes,Sentry 1,0,1 Audio 1+1.0,Port 66,Port 1066
ATNBANG,ATN,ATNBANG,232.20.98.143,3101,172.31.1.21,172.31.2.21,DBS,Yes,Sentry 1,0,"1 Audio 2.0,eng",Port 67,Port 1067
ATNFF,FOOD2,ATNFF,232.20.97.76,3101,172.31.1.21,172.31.2.21,DBS,Yes,Sentry 1,0,"1 Audio 2.0,eng",Port 68,Port 1068
ATNEWS,ATNEWS,ATNEWS,232.20.96.24,3101,172.31.1.22,172.31.2.22,DBS,Yes,Sentry 1,0,"1 Audio 2.0,eng",Port 69,Port 1069
OLD_AWMTV,OLD_NA,OLD_AWMTV,232.23.13.4,3101,172.31.1.22,172.31.2.22,NEXTOLOGIES,No,Sentry 1,0,N/A,Port 70,Port 1070
AXSTV,NA,AXSTV,232.168.50.95,3101,172.31.1.32,172.31.2.32,Gilbert IRD,Yes,Sentry 1,0,"1:AC3 5.1,eng  ",Port 71,Port 1071
AZCLIC,AZCLIC,AZCLIC,232.168.50.11,3101,172.31.1.31,172.31.2.31,Gilbert IRD,Yes,Sentry 1,AC3,"1:AC3 2:Audio 2.0,eng",Port 72,Port 1072
AZCORA,AZCORA,AZCORA,232.168.50.10,3101,172.31.1.31,172.31.2.31,Gilbert IRD,Yes,Sentry 1,0,"1:AC3.spa 2:Audio2.0,eng",Port 73,Port 1073
AZTCIN,AZTCIN,AZCIN,232.168.50.12,3101,172.31.1.31,172.31.2.31,Gilbert IRD,Yes,Sentry 1,0,"1:AC3.spa 2:Audio2.0,eng",Port 74,Port 1074
AZTCA,AZTCA,AZTCA,232.168.50.91,3101,172.31.1.31,172.31.2.31,Gilbert IRD,Yes,Sentry 1,1,"1:AC3.spa 2:eng 3:AC3,eng",Port 75,Port 1075
B4U,B4U,B4U,232.20.97.110,3101,172.31.1.21,172.31.2.21,DBS,Yes,Sentry 1,0,"1 Audio 2.0,eng",Port 76,Port 1076
B4UMUS,B4UMU,B4UMUS,232.20.97.41,3101,172.31.1.21,172.31.2.21,DBS,Yes,Sentry 1,0,"1 Audio 2.0,eng",Port 77,Port 1077
BABYUS,BABYUS,BABYUS,232.23.37.195,3101,172.31.1.21,172.31.2.21,DBS,Yes,Sentry 1,0,1:Audio 2.0 2Audio 2.0,Port 78,Port 1078
OLD_BAG,NA,OLD_BAGHD,232.23.13.7,3101,172.31.1.22,172.31.2.22,NEXTOLOGIES,No,Sentry 1,0,N/A,Port 79,Port 1079
OLD_BANDAUS,OLD_BDMAX,OLD_BANDAUS,232.20.96.238,3101,172.31.1.22,172.31.2.22,DBS,No,Sentry 1,0,,Port 80,Port 1080
BANDINT,BAND,BANDINT,232.20.96.82,3101,172.31.1.21,172.31.2.21,DBS,Yes,Sentry 1,0,,Port 81,Port 1081
BANDN,BANDN,BANDN,232.20.95.87,3101,172.31.1.21,172.31.2.21,DBS,Yes,Sentry 1,0,,Port 82,Port 1082
BBCAHD,BBCA,BBCAHD,232.168.50.114,3101,172.31.1.32,172.31.2.32,Gilbert IRD,Yes,Sentry 1,0,,Port 83,Port 1083
BBCARAB,NA,BBCARAB,232.23.13.28,3101,172.31.1.22,172.31.2.22,NEXTOLOGIES,Yes,Sentry 1,0,,Port 84,Port 1084
BBCNAHD,BBCNAHD,BBCNAHD,232.168.50.32,3101,172.31.1.32,172.31.2.32,Gilbert IRD,Yes,Sentry 1,0,,Port 85,Port 1085
BBTVM,NA,BBTVM,232.20.96.87,3101,172.31.1.24,172.31.2.24,DBS,Yes,Sentry 1,0,,Port 86,Port 1086
BBTVP,BBTVP,BBTVP,232.20.94.133,3101,172.31.1.21,172.31.2.21,DBS,Yes,Sentry 1,0,,Port 87,Port 1087
BEIN1HD,NA,BEIN1HD,232.168.50.110,3101,172.31.1.31,172.31.2.31,Gilbert IRD,Yes,Sentry 1,0,,Port 88,Port 1088
BEJTV,BEJTV,BEJTV,232.33.7.2,3101,172.31.1.21,172.31.2.21,DBS,Yes,Sentry 1,0,,Port 89,Port 1089
BET,BET,BET,232.168.50.126,3101,172.31.1.32,172.31.2.32,Gilbert IRD,Yes,Sentry 1,0,,Port 90,Port 1090
BHAJAN,NA,BHAJAN,232.20.214.19,3101,172.31.1.24,172.31.2.24,Che BT Tower,Yes,Sentry 1,0,,Port 91,Port 1091
BHRHD,NA,BHRHD,232.23.13.8,3101,172.31.1.22,172.31.2.22,NEXTOLOGIES,Yes,Sentry 1,0,,Port 92,Port 1092
BLAZETV,BLAZE,BLAZETV,232.168.50.25,3101,172.31.1.31,172.31.2.31,Gilbert IRD,Yes,Sentry 1,0,,Port 93,Port 1093
BLOOMHD,NA,BLOOMHD,232.20.6.105,3101,172.31.1.21,172.31.2.21,DBS,Yes,Sentry 1,0,,Port 94,Port 1094
BOOM,BOOM,BOOM,232.168.50.30,3101,172.31.1.32,172.31.2.32,Gilbert IRD,Yes,Sentry 1,0,,Port 95,Port 1095
BRAVOHD,BRAVO,BRAVOHD,232.70.2.105,1234,172.31.27.22,172.31.28.22,NBC,Yes,Sentry 1,0,,Port 96,Port 1096
CAMPIN2,NA,CAMPIN2,232.70.4.4,1234,172.31.27.23,172.31.28.23,LTN,Yes,Sentry 1,0,,Port 97,Port 1097
CAMPIN3,NA,CAMPIN3,232.70.4.5,1234,172.31.27.23,172.31.28.23,LTN,Yes,Sentry 1,0,,Port 98,Port 1098
CAMPINS,NA,CAMPINS,232.70.4.3,1234,172.31.27.23,172.31.28.23,LTN,Yes,Sentry 1,0,,Port 99,Port 1099
CANAL11,NA,CANAL11,232.168.50.28,3101,172.31.1.31,172.31.2.31,Gilbert IRD,Yes,Sentry 1,0,,Port 100,Port 1100
CARAI,CRCOL,CARAI,232.23.39.202,3101,172.31.1.21,172.31.2.21,DBS,Yes,Sentry 1,0,,Port 101,Port 1101
CATHAYD,PACVI,CATHAYD,232.20.97.182,3101,172.31.1.21,172.31.2.21,DBS,Yes,Sentry 1,0,,Port 102,Port 1102
CATV,CNTRO,CATV,232.23.34.110,3101,172.31.1.21,172.31.2.21,DBS,Yes,Sentry 1,0,,Port 103,Port 1103
CB24,NA,CB24,232.168.50.120,3101,172.31.1.32,172.31.2.32,Gilbert IRD,Yes,Sentry 1,0,,Port 104,Port 1104
CBC,CBC,CBC,232.20.214.47,3101,172.31.1.24,172.31.2.24,Che NEXTOLOGIES,Yes,Sentry 1,0,,Port 105,Port 1105
CBCD,NA,CBCD,232.20.214.48,3101,172.31.1.24,172.31.2.24,Che NEXTOLOGIES,Yes,Sentry 1,0,,Port 106,Port 1106
CBEETV,CBBIS,CBEETV,232.20.94.81,3101,172.31.1.21,172.31.2.21,DBS,Yes,Sentry 1,0,,Port 107,Port 1107
CBTV,NA,CBTV,232.168.50.29,3101,172.31.1.31,172.31.2.31,Gilbert IRD,Yes,Sentry 1,0,,Port 108,Port 1108
CCENT,CCENT,CCENT,232.33.7.4,3101,172.31.1.21,172.31.2.21,DBS,Yes,Sentry 1,0,,Port 109,Port 1109
CCMOV,CCMOV,CCMOV,232.33.7.3,3101,172.31.1.21,172.31.2.21,DBS,Yes,Sentry 1,0,,Port 110,Port 1110
CCOPR,CCOPR,CCOPR,232.33.7.5,3101,172.31.1.21,172.31.2.21,DBS,Yes,Sentry 1,0,,Port 111,Port 1111
CCTV4,CCTV4,CCTV4,232.168.50.154,3101,172.31.1.31,172.31.2.31,Gilbert IRD,Yes,Sentry 1,0,,Port 112,Port 1112
ETVBG,NA,ETVBG,232.20.94.144,3101,172.31.1.21,172.31.2.21,Che Amagi,Yes,Sentry 1,0,,Port 113,Port 1113
CCTVNWS,CCNEW,CCTVNWS,232.168.50.155,3101,172.31.1.31,172.31.2.31,Gilbert IRD,Yes,Sentry 1,0,,Port 114,Port 1114
CHARDI,NA,CHARDI,232.20.96.210,3101,172.31.1.24,172.31.2.24,Che NEXTOLOGIES,Yes,Sentry 1,0,,Port 115,Port 1115
CHARTV,NA,CHARTV,232.70.1.34,3101,172.31.27.71,172.31.28.71,MX1,Yes,Sentry 1,0,,Port 116,Port 1116
CHEDBN,NA,CHEDBN,232.70.5.92,1234,172.31.27.23,172.31.28.23,ZIXI,Yes,Sentry 1,0,,Port 117,Port 1117
CHEDSTR,NA,CHEDSTR,232.70.5.30,1234,172.31.27.23,172.31.28.23,ZIXI,Yes,Sentry 1,0,,Port 118,Port 1118
CHNLI,CHNLI,CHNLI,232.20.98.131,3101,172.31.1.21,172.31.2.21,DBS,Yes,Sentry 1,0,,Port 119,Port 1119
CHONENW,NA,CHONENW,232.70.5.43,1234,172.31.27.23,172.31.28.23,ZIXI,Yes,Sentry 1,0,,Port 120,Port 1120
CINEBAN,CINEBAN,CINEBAN,232.20.95.237,3101,172.31.1.22,172.31.2.22,DBS,Yes,Sentry 1,0,,Port 121,Port 1121
CINEMOIS,NA,CINEMOIS,232.70.5.144,1234,172.31.27.23,172.31.28.23,ZIXI,Yes,Sentry 1,0,,Port 122,Port 1122
CINEL,CINEL,CINEL,232.23.37.193,3101,172.31.1.22,172.31.2.22,DBS,Yes,Sentry 1,0,,Port 123,Port 1123
CINPRO,NA,CINPRO,232.23.13.24,3101,172.31.1.22,172.31.2.22,NEXTOLOGIES,Yes,Sentry 1,0,,Port 124,Port 1124
CLRS,APCLR,CLRS,232.20.6.22,3101,172.31.1.22,172.31.2.22,DBS,Yes,Sentry 1,0,,Port 125,Port 1125
CMTV,CMTV,CMTV,232.168.50.97,3101,172.31.1.32,172.31.2.32,Gilbert IRD,Yes,Sentry 1,0,,Port 126,Port 1126
CNBCHD,CNBC,CNBCHD,232.70.2.111,1234,172.31.27.22,172.31.28.22,NBC,Yes,Sentry 1,0,,Port 127,Port 1127
CNINT,CNINT,CNINT,232.168.50.46,3101,172.31.1.32,172.31.2.32,Gilbert IRD,Yes,Sentry 1,0,,Port 128,Port 1128
CNNHD,CNN,CNNHD,232.168.50.39,3101,172.31.1.32,172.31.2.32,Gilbert IRD,Yes,Sentry 1,0,,Port 129,Port 1129
COLGUJ,NA,COLGUJ,232.70.6.136,1234,172.31.27.22 ,172.31.28.22,TATA,Yes,Sentry 1,0,,Port 130,Port 1130
COLORIY,NA,COLORIY,232.70.6.135,1234,172.31.27.22,172.31.28.22,TATA,Yes,Sentry 1,0,,Port 131,Port 1131
COLSU,NA,COLSU,232.70.6.90,1234,172.31.27.22,172.31.28.22,TATA,Yes,Sentry 1,0,,Port 132,Port 1132
COMEDY,COMEDY,COMEDY,232.168.50.101,3101,172.31.1.32,172.31.2.32,Gilbert IRD,Yes,Sentry 1,0,,Port 133,Port 1133
COOKHD,COOK,COOKHD,232.168.50.5,3101,172.31.1.31,172.31.2.31,Gilbert IRD,Yes,Sentry 1,0,,Port 134,Port 1134
CQTV,CQTV,CQTV,232.20.96.35,3101,172.31.1.21,172.31.2.21,DBS,Yes,Sentry 1,0,,Port 135,Port 1135
CSNBA,CSNBA,CSNBA,232.70.2.114,1234,172.31.27.22,172.31.28.22,NBC,Yes,Sentry 1,0,,Port 136,Port 1136
CSNBA1,NA,CSNBA1,232.23.36.41,3101,172.31.1.24,172.31.2.24,DBS,Yes,Sentry 1,0,,Port 137,Port 1137
CSNBA2,NA,CSNBA2,232.23.36.42,3101,172.31.1.24,172.31.2.24,DBS,Yes,Sentry 1,0,,Port 138,Port 1138
CSNCA3,CSNCA3,CSNCA3,232.23.34.43,3101,172.31.1.22,172.31.2.22,DBS,Yes,Sentry 1,0,,Port 139,Port 1139
CSNCA4,NA,CSNCA4,232.23.36.44,3101,172.31.1.24,172.31.2.24,DBS,Yes,Sentry 1,0,,Port 140,Port 1140
CSNCAS,CSNCA,CSNCAS,232.70.12.6,1234,172.31.27.24,172.31.28.24,LOCALS,Yes,Sentry 1,0,,Port 141,Port 1141
CSNCH,CSNCH,CSNCH,232.70.2.118,1234,172.31.27.22,172.31.28.22,NBC,Yes,Sentry 1,0,,Port 142,Port 1142
CSNCH5,CSNCH5,CSNCH5,232.23.34.45,3101,172.31.1.22,172.31.2.22,DBS,Yes,Sentry 1,0,,Port 143,Port 1143
CSNCH6,NA,CSNCH6,232.23.36.46,3101,172.31.1.24,172.31.2.24,DBS,Yes,Sentry 1,0,,Port 144,Port 1144
CSNCH7,NA,CSNCH7,232.23.36.47,3101,172.31.1.24,172.31.2.24,DBS,Yes,Sentry 1,0,,Port 145,Port 1145
OLD_CSNNE,OLD_CSNNE,OLD_CSNNE,232.70.2.116,1234,172.31.27.22,172.31.28.22,NBC,No,Sentry 1,0,,Port 146,Port 1146
CSNDC8,NA,CSNDC8,232.23.36.48,3101,172.31.1.24,172.31.2.24,DBS,Yes,Sentry 1,0,,Port 147,Port 1147
CSNDC9,NA,CSNDC9,232.23.36.49,3101,172.31.1.24,172.31.2.24,DBS,Yes,Sentry 1,0,,Port 148,Port 1148
CSONY,CSONY,CSONY,232.168.50.124,3101,172.31.1.32,172.31.2.32,Gilbert IRD,Yes,Sentry 1,0,,Port 149,Port 1149
CTSI,PAS,CTSI,232.20.97.199,3101,172.31.1.21,172.31.2.21,DBS,Yes,Sentry 1,0,,Port 150,Port 1150
CTV,NA,CTV,232.168.50.88,3101,172.31.1.31,172.31.2.31,Gilbert IRD,Yes,Sentry 1,0,,Port 151,Port 1151
CUBAMAX,CUBAM,CUBAMAX,232.23.36.50,3101,172.31.1.22,172.31.2.22,DBS,Yes,Sentry 1,0,,Port 152,Port 1152
CYRTV,CYRTV,CYRTV,232.33.7.7,3101,172.31.1.21,172.31.2.21,DBS,Yes,Sentry 1,0,,Port 153,Port 1153
OLD_DEPELC,OLD_PCLAS,OLD_DEPELC,232.23.37.191,3101,172.31.1.22,172.31.2.22,DBS,No,Sentry 1,0,,Port 154,Port 1154
OLD_DEPELUS,OLD_PELIC,OLD_DEPELUS,232.23.36.86,3101,172.31.1.22,172.31.2.22,DBS,No,Sentry 1,0,,Port 155,Port 1155
DISCOPL,DISCOPL,DISCOPL,232.70.1.13,3101,172.31.28.71,172.31.27.71,MX1,Yes,Sentry 1,0,,Port 156,Port 1156
DIYHD,DIY,DIYHD,232.168.50.4,3101,172.31.1.31,172.31.2.31,Gilbert IRD,Yes,Sentry 1,0,,Port 157,Port 1157
DMC,DMC,DMC,232.20.214.58,3101,172.31.1.22,172.31.2.22,Che OVERON,Yes,Sentry 1,0,,Port 158,Port 1158
DMCD,DMCD,DMCD,232.70.1.85,3101,172.31.27.71,172.31.28.71,MX1,Yes,Sentry 1,0,,Port 159,Port 1159
DOMV,DOMV,DOMV,232.168.50.118,3101,172.31.1.32,172.31.2.32,Gilbert IRD,Yes,Sentry 1,0,,Port 160,Port 1160
DRAGN,DRAGN,DRAGN,232.33.7.9,3101,172.31.1.21,172.31.2.21,Tiger Tech,Yes,Sentry 1,0,,Port 161,Port 1161
DREAM2,DREAM,DREAM2,232.20.214.65,3101,172.31.1.24,172.31.2.24,Che NEXTOLOGIES,Yes,Sentry 1,0,,Port 162,Port 1162
DUCKTV,DUCKTV,DUCKTV,232.23.13.23,3101,172.31.1.22,172.31.2.22,NEXTOLOGIES,Yes,Sentry 1,0,,Port 163,Port 1163
DUNYA,DUNYA,DUNYA,232.20.214.30,3101,172.31.1.24,172.31.2.24,Che MX1,Yes,Sentry 1,0,,Port 164,Port 1164
ECUAVI,ECUAVI,ECUAVI,232.168.50.47,3101,172.31.1.32,172.31.2.32,Gilbert IRD,Yes,Sentry 1,0,,Port 165,Port 1165
EHD,E!,EHD,232.70.2.109,1234,172.31.27.22,172.31.28.22,NBC,Yes,Sentry 1,0,,Port 166,Port 1166
ELFINANCHD,NA,ELFINANCHD,232.168.50.78,3101,172.31.1.31,172.31.2.31,Gilbert IRD,Yes,Sentry 1,0,,Port 167,Port 1167
ELMEH,NA,ELMEH,232.23.13.5,3101,172.31.1.22,172.31.2.22,NEXTOLOGIES,Yes,Sentry 1,0,,Port 168,Port 1168
ENCORE,ENCORE,ENCORE,232.168.50.139,3101,172.31.1.32,172.31.2.32,Gilbert IRD,Yes,Sentry 1,0,,Port 169,Port 1169
EPDVN,EPXDR,EPDVN,232.168.50.107,3101,172.31.1.32,172.31.2.32,Gilbert IRD,Yes,Sentry 1,0,,Port 170,Port 1170
EPIX2HD,EPIX2,EPIX2HD,232.168.50.105,3101,172.31.1.32,172.31.2.32,Gilbert IRD,Yes,Sentry 1,0,,Port 171,Port 1171
EPIX3HD,EPIXH,EPIX3HD,232.168.50.106,3101,172.31.1.32,172.31.2.32,Gilbert IRD,Yes,Sentry 1,0,,Port 172,Port 1172
EPIXHD,EPIX1,EPIXHD,232.168.50.104,3101,172.31.1.32,172.31.2.32,Gilbert IRD,Yes,Sentry 1,0,,Port 173,Port 1173
ESC1,ESC-1,ESC1,232.20.214.3,3101,172.31.1.24,172.31.2.24,DBS,Yes,Sentry 1,0,,Port 174,Port 1174
ESPN2HD,ESPN2,ESPN2HD,232.70.2.12,1234,172.31.27.21,172.31.28.21,ESPN,Yes,Sentry 1,0,,Port 175,Port 1175
ESPNDHD,ESPND,ESPNDHD,232.70.2.17,1234,172.31.27.21,172.31.28.21,ESPN,Yes,Sentry 1,0,,Port 176,Port 1176
OLD_ESPNHD,OLD_ESPN,OLD_ESPNHD,232.70.2.11,1234,172.31.27.21,172.31.28.21,ESPN,No,Sentry 1,0,,Port 177,Port 1177
ESPNUHD,ESPNU,ESPNUHD,232.70.2.14,1234,172.31.27.21,172.31.28.21,ESPN,Yes,Sentry 2,0,,Port 0,Port 1000
ESPNWHD,ESNWS,ESPNWHD,232.70.2.13,1234,172.31.27.21,172.31.28.21,ESPN,Yes,Sentry 2,0,,Port 1,Port 1001
ESTRELLA,NA,ESTRELLA,232.168.50.84,3101,172.31.1.31,172.31.2.31,Gilbert IRD,Yes,Sentry 2,0,,Port 2,Port 1002
ESTUD5,NA,ESTUD5,232.168.50.92,3101,172.31.1.32,172.31.2.32,Gilbert IRD,Yes,Sentry 2,0,,Port 3,Port 1003
ESTV,ESTV,ESTV,232.168.50.117,3101,172.31.1.32,172.31.2.32,Gilbert IRD,Yes,Sentry 2,0,,Port 4,Port 1004
ETCHI,ETCHI,ETCHI,232.20.96.75,3101,172.31.1.21,172.31.2.21,DBS,Yes,Sentry 2,0,,Port 5,Port 1005
ETDRA,ETDRA,ETDRA,232.20.97.97,3101,172.31.1.21,172.31.2.21,DBS,Yes,Sentry 2,0,,Port 6,Port 1006
ETFINWS,ETFIN,ETFINWS,232.20.97.203,3101,172.31.1.21,172.31.2.21,DBS,Yes,Sentry 2,0,,Port 7,Port 1007
ETGLOB,ETGLB,ETGLOB,232.20.97.88,3101,172.31.1.21,172.31.2.21,DBS,Yes,Sentry 2,0,,Port 8,Port 1008
ETMP,NA,ETMP,232.70.6.127,1234,172.31.27.22 ,172.31.28.22,TATA,Yes,Sentry 2,0,,Port 9,Port 1009
ETNEW,ETNEW,ETNEW,232.20.97.87,3101,172.31.1.21,172.31.2.21,DBS,Yes,Sentry 2,0,,Port 10,Port 1010
ETVABR,NA,ETVABR,232.70.6.131,1234,172.31.27.22 ,172.31.28.22,TATA,Yes,Sentry 2,0,,Port 11,Port 1011
ETVAP,NA,ETVAP,232.70.6.125,1234,172.31.27.22 ,172.31.28.22,TATA,Yes,Sentry 2,0,,Port 12,Port 1012
CCTVE,CCTVE,CCTVE,232.20.97.181,3101,172.31.1.21,172.31.2.21,Tiger Tech,Yes,Sentry 2,0,,Port 13,Port 1013
ETVBIJH,NA,ETVBIJH,232.70.6.126,1234,172.31.27.22 ,172.31.28.22,TATA,Yes,Sentry 2,0,,Port 14,Port 1014
ETVCINE,NA,ETVCINE,232.70.6.132,1234,172.31.27.22 ,172.31.28.22,TATA,Yes,Sentry 2,0,,Port 15,Port 1015
ETVKN,CLRSK,ETVKN,232.20.94.150,3101,172.31.1.21,172.31.2.21,DBS,Yes,Sentry 2,0,,Port 16,Port 1016
ETVLIFE,NA,ETVLIFE,232.70.6.134,1234,172.31.27.22 ,172.31.28.22,TATA,Yes,Sentry 2,0,,Port 17,Port 1017
ETVMA,CLRSM,ETVMA,232.20.94.143,3101,172.31.1.21,172.31.2.21,DBS,Yes,Sentry 2,0,,Port 18,Port 1018
ETVNEWBG,NA,ETVNEWBG,232.70.6.121,1234,172.31.27.22,172.31.28.22,TATA,Yes,Sentry 2,0,,Port 19,Port 1019
ETVNGUJ,NA,ETVNGUJ,232.70.6.141,1234,172.31.27.22 ,172.31.28.22,TATA,Yes,Sentry 2,0,,Port 20,Port 1020
ETVNHH,NA,ETVNHH,232.70.6.123,1234,172.31.27.22 ,172.31.28.22,TATA,Yes,Sentry 2,0,,Port 21,Port 1021
ETVNWKAN,NA,ETVNWKAN,232.70.6.122,1234,172.31.27.22 ,172.31.28.22,TATA,Yes,Sentry 2,0,,Port 22,Port 1022
ETVPLUS,NA,ETVPLUS,232.70.6.133,1234,172.31.27.22 ,172.31.28.22,TATA,Yes,Sentry 2,0,,Port 23,Port 1023
ETVRAJ,NA,ETVRAJ,232.70.6.128,1234,172.31.27.22,172.31.28.22,TATA,Yes,Sentry 2,0,,Port 24,Port 1024
ETVTELAN,NA,ETVTELAN,232.70.6.129,1234,172.31.27.22 ,172.31.28.22,TATA,Yes,Sentry 2,0,,Port 25,Port 1025
ETVUP,NA,ETVUP,232.70.6.130,1234,172.31.27.22 ,172.31.28.22,TATA,Yes,Sentry 2,0,,Port 26,Port 1026
ETVURDU,NA,ETVURDU,232.70.6.124,1234,172.31.27.22 ,172.31.28.22,TATA,Yes,Sentry 2,0,,Port 27,Port 1027
EURCHD,EURCH,EURCHD,232.70.8.1,1234,172.31.27.121,172.31.28.121,EUROCHANNEL,Yes,Sentry 2,0,,Port 28,Port 1028
EURONEW,EURNS,EURONEW,232.20.96.37,3101,172.31.1.21,172.31.2.21,DBS,Yes,Sentry 2,0,,Port 29,Port 1029
EVTV,NA,EVTV,232.70.5.34,1234,172.31.27.23,172.31.28.23,ZIXI,Yes,Sentry 2,0,,Port 30,Port 1030
EXPEN,EXPEN,EXPEN,232.20.214.33,3101,172.31.1.24,172.31.2.24,Che MX1,Yes,Sentry 2,0,,Port 31,Port 1031
EXPNW,EXPNW,EXPNW,232.20.214.32,3101,172.31.1.24,172.31.2.24,Che MX1,Yes,Sentry 2,0,,Port 32,Port 1032
F24EN,F24EN,F24EN,232.20.97.184,3101,172.31.1.21,172.31.2.21,DBS,Yes,Sentry 2,0,,Port 33,Port 1033
FILMD,NA,FILMD,232.70.5.149,1234,172.31.27.23,172.31.28.23,ZIXI,Yes,Sentry 2,0,,Port 34,Port 1034
FOODHD,FOOD,FOODHD,232.168.50.1,3101,172.31.1.31,172.31.2.31,Gilbert IRD,Yes,Sentry 2,0,,Port 35,Port 1035
FOXAZ01,FOXAZ01,FOXAZ01,232.23.34.1,3101,172.31.1.23,172.31.2.23,Gilbert MCR,Yes,Sentry 2,0,,Port 36,Port 1036
FOXAZ02,FOXAZ02,FOXAZ02,232.23.34.2,3101,172.31.1.23,172.31.2.23,Gilbert MCR,Yes,Sentry 2,0,,Port 37,Port 1037
ALJZ,ALJZ,ALJZ,232.70.1.15,3101,172.31.27.71,172.31.28.71,MX1,Yes,Sentry 2,0,,Port 38,Port 1038
FOXDT04,FOXDT04,FOXDT04,232.23.34.4,3101,172.31.1.23,172.31.2.23,Gilbert MCR,Yes,Sentry 2,0,,Port 39,Port 1039
OLD_FOXDT05,OLD_FOXDT05,OLD_FOXDT05,232.23.34.5,3101,172.31.1.23,172.31.2.23,Gilbert MCR,No,Sentry 2,0,,Port 40,Port 1040
FOXFL06,FOXFL06,FOXFL06,232.23.34.6,3101,172.31.1.23,172.31.2.23,Gilbert MCR,Yes,Sentry 2,0,,Port 41,Port 1041
FOXFL07,FOXFL07,FOXFL07,232.23.34.7,3101,172.31.1.23,172.31.2.23,Gilbert MCR,Yes,Sentry 2,0,,Port 42,Port 1042
FOXMW08,FOXMW08,FOXMW08,232.23.34.8,3101,172.31.1.23,172.31.2.23,Gilbert MCR,Yes,Sentry 2,0,,Port 43,Port 1043
FOXMW09,FOXMW09,FOXMW09,232.23.34.9,3101,172.31.1.23,172.31.2.23,Gilbert MCR,Yes,Sentry 2,0,,Port 44,Port 1044
FOXMW10,FOXMW10,FOXMW10,232.23.34.10,3101,172.31.1.23,172.31.2.23,Gilbert MCR,Yes,Sentry 2,0,,Port 45,Port 1045
FOXMW11,FOXMW11,FOXMW11,232.23.34.11,3101,172.31.1.23,172.31.2.23,Gilbert MCR,Yes,Sentry 2,0,,Port 46,Port 1046
OLD_FOXMW12,OLD_FOXMW12,OLD_FOXMW12,232.23.34.12,3101,172.31.1.23,172.31.2.23,Gilbert MCR,No,Sentry 2,0,,Port 47,Port 1047
FOXN13,FOXN13,FOXN13,232.23.34.13,3101,172.31.1.23,172.31.2.23,Gilbert MCR,Yes,Sentry 2,0,,Port 48,Port 1048
FOXN14,FOXN14,FOXN14,232.23.34.14,3101,172.31.1.23,172.31.2.23,Gilbert MCR,Yes,Sentry 2,0,,Port 49,Port 1049
FOXN15,FOXN15,FOXN15,232.23.34.15,3101,172.31.1.23,172.31.2.23,Gilbert MCR,Yes,Sentry 2,0,,Port 50,Port 1050
FOXN16,FOXN16,FOXN16,232.23.34.16,3101,172.31.1.23,172.31.2.23,Gilbert MCR,Yes,Sentry 2,0,,Port 51,Port 1051
OLD_FOXN17,OLD_FOXN17,OLD_FOXN17,232.23.34.17,3101,172.31.1.23,172.31.2.23,Gilbert MCR,No,Sentry 2,0,,Port 52,Port 1052
FOXOH18,FOXOH18,FOXOH18,232.23.34.18,3101,172.31.1.23,172.31.2.23,Gilbert MCR,Yes,Sentry 2,0,,Port 53,Port 1053
FOXS19,FOXS19,FOXS19,232.23.34.19,3101,172.31.1.23,172.31.2.23,Gilbert MCR,Yes,Sentry 2,0,,Port 54,Port 1054
FOXS20,FOXS20,FOXS20,232.23.34.20,3101,172.31.1.22,172.31.2.22,Gilbert MCR,Yes,Sentry 2,0,,Port 55,Port 1055
FOXS21,FOXS21,FOXS21,232.23.34.21,3101,172.31.1.22,172.31.2.22,Gilbert MCR,Yes,Sentry 2,0,,Port 56,Port 1056
FOXS22,FOXS22,FOXS22,232.23.34.22,3101,172.31.1.22,172.31.2.22,Gilbert MCR,Yes,Sentry 2,0,,Port 57,Port 1057
FOXSD23,FOXSD23,FOXSD23,232.23.34.23,3101,172.31.1.22,172.31.2.22,Gilbert MCR,Yes,Sentry 2,0,,Port 58,Port 1058
FOXSD24,FOXSD24,FOXSD24,232.23.34.24,3101,172.31.1.22,172.31.2.22,Gilbert MCR,Yes,Sentry 2,0,,Port 59,Port 1059
FOXSE25,FOXSE25,FOXSE25,232.23.34.25,3101,172.31.1.22,172.31.2.22,Gilbert MCR,Yes,Sentry 2,0,,Port 60,Port 1060
FOXSE26,FOXSE26,FOXSE26,232.23.34.26,3101,172.31.1.22,172.31.2.22,Gilbert MCR,Yes,Sentry 2,0,,Port 61,Port 1061
FOXSE27,FOXSE27,FOXSE27,232.23.34.27,3101,172.31.1.22,172.31.2.22,Gilbert MCR,Yes,Sentry 2,0,,Port 62,Port 1062
OLD_FOXSE28,OLD_FOXSE28,OLD_FOXSE28,232.23.34.28,3101,172.31.1.22,172.31.2.22,Gilbert MCR,No,Sentry 2,0,,Port 63,Port 1063
FOXSW29,FOXSW29,FOXSW29,232.23.34.29,3101,172.31.1.22,172.31.2.22,Gilbert MCR,Yes,Sentry 2,0,,Port 64,Port 1064
FOXSW30,FOXSW30,FOXSW30,232.23.34.30,3101,172.31.1.22,172.31.2.22,Gilbert MCR,Yes,Sentry 2,0,,Port 65,Port 1065
FOXSW31,FOXSW31,FOXSW31,232.23.34.31,3101,172.31.1.22,172.31.2.22,Gilbert MCR,Yes,Sentry 2,0,,Port 66,Port 1066
FOXSW32,FOXSW32,FOXSW32,232.23.34.32,3101,172.31.1.22,172.31.2.22,Gilbert MCR,Yes,Sentry 2,0,,Port 67,Port 1067
FOXSW33,FOXSW33,FOXSW33,232.23.34.33,3101,172.31.1.22,172.31.2.22,Gilbert MCR,Yes,Sentry 2,0,,Port 68,Port 1068
FOXSW34,FOXSW34,FOXSW34,232.23.34.34,3101,172.31.1.22,172.31.2.22,Gilbert MCR,Yes,Sentry 2,0,,Port 69,Port 1069
FOXSW35,FOXSW35,FOXSW35,232.23.34.35,3101,172.31.1.22,172.31.2.22,Gilbert MCR,Yes,Sentry 2,0,,Port 70,Port 1070
FOXW36,FOXW36,FOXW36,232.23.34.36,3101,172.31.1.22,172.31.2.22,Gilbert MCR,Yes,Sentry 2,0,,Port 71,Port 1071
FR24ARA,NA,FR24ARA,232.70.14.1,1234,172.31.27.23,172.31.28.23,MX1,Yes,Sentry 2,0,,Port 72,Port 1072
FRNC24,FRN24,FRNC24,232.20.95.238,3101,172.31.1.21,172.31.2.21,DBS,Yes,Sentry 2,0,,Port 73,Port 1073
FS1HD,FOXS1,FS1HD,232.70.10.1,1234,172.31.27.21,172.31.28.21,FOX,Yes,Sentry 2,0,,Port 74,Port 1074
FS2HD,FOXS2,FS2HD,232.70.10.2,1234,172.31.27.21,172.31.28.21,FOX,Yes,Sentry 2,0,,Port 75,Port 1075
FSAZHD,FOXAZ,FSAZHD,232.23.36.99,3101,172.31.1.23,172.31.2.23,DBS,Yes,Sentry 2,0,,Port 76,Port 1076
FSDHD,FOXD,FSDHD,232.23.35.184,3101,172.31.1.23,172.31.2.23,DBS,Yes,Sentry 2,0,,Port 77,Port 1077
FSNFLHD,FOXFL,FSNFLHD,232.23.38.65,3101,172.31.1.23,172.31.2.23,DBS,Yes,Sentry 2,0,,Port 78,Port 1078
FSMSATH,FSMSATH,FSMSATH,232.23.39.183,3101,172.31.1.23,172.31.2.23,DBS,Yes,Sentry 2,0,,Port 79,Port 1079
FSNO1HD,FOXN,FSNO1HD,232.23.39.216,3101,172.31.1.23,172.31.2.23,DBS,Yes,Sentry 2,0,,Port 80,Port 1080
FSOH2HD,FOXCN,FSOH2HD,232.23.38.107,3101,172.31.1.23,172.31.2.23,DBS,Yes,Sentry 2,0,,Port 81,Port 1081
FSNOHNR,FSNOHNR,FSNOHNR,232.23.38.66,3101,172.31.1.23,172.31.2.23,DBS,Yes,Sentry 2,0,,Port 82,Port 1082
FSSDHD,FOXSD,FSSDHD,232.23.36.14,3101,172.31.1.23,172.31.2.23,DBS,Yes,Sentry 2,0,,Port 83,Port 1083
FSSEHD,FOXSE,FSSEHD,232.23.36.63,3101,172.31.1.23,172.31.2.23,DBS,Yes,Sentry 2,0,,Port 84,Port 1084
FSSHD,FOXSW,FSSHD,232.23.39.182,3101,172.31.1.23,172.31.2.23,DBS,Yes,Sentry 2,0,,Port 85,Port 1085
FSSOHD,FOXS,FSSOHD,232.23.39.185,3101,172.31.1.23,172.31.2.23,DBS,Yes,Sentry 2,0,,Port 86,Port 1086
FSTV,NA,FSTV,232.70.4.10,1234,172.31.27.23,172.31.28.23,LTN,Yes,Sentry 2,0,,Port 87,Port 1087
FSWHD,FOXW,FSWHD,232.23.38.64,3101,172.31.1.23,172.31.2.23,DBS,Yes,Sentry 2,0,,Port 88,Port 1088
FTVTW,FTVTW,FTVTW,232.20.97.131,3101,172.31.1.21,172.31.2.21,DBS,Yes,Sentry 2,0,,Port 89,Port 1089
FUJTV,FUJTV,FUJTV,232.33.7.6,3101,172.31.1.21,172.31.2.21,DBS,Yes,Sentry 2,0,,Port 90,Port 1090
FUSE,FUSE,FUSEHD,232.168.50.123,3101,172.31.1.32,172.31.2.32,Gilbert IRD,Yes,Sentry 2,0,,Port 91,Port 1091
FUSION,FUSN,FUSION,232.23.38.34,3101,172.31.1.22,172.31.2.22,DBS,Yes,Sentry 2,0,,Port 92,Port 1092
FUTURE,FUTUR,FUTURE,232.20.214.59,3101,172.31.1.22,172.31.2.22,Che OVERON,Yes,Sentry 2,0,,Port 93,Port 1093
FXHD,FX,FXHD,232.70.10.3,1234,172.31.27.21,172.31.28.21,FOX,Yes,Sentry 2,0,,Port 94,Port 1094
FYI,FYI,FYI,232.70.3.3,1234,172.31.27.21,172.31.28.21,AandE,Yes,Sentry 2,0,,Port 95,Port 1095
GARVP,NA,GARVP,232.70.5.140,1234,172.31.27.23,172.31.28.23,ZIXI,Yes,Sentry 2,0,,Port 96,Port 1096
GCMDY,GCMDY,GCMDY,232.20.97.174,3101,172.31.1.21,172.31.2.21,DBS,Yes,Sentry 2,0,,Port 97,Port 1097
GEMITV,GEMNI,GEMITV,232.20.96.48,3101,172.31.1.21,172.31.2.21,DBS,Yes,Sentry 2,0,,Port 98,Port 1098
GEMNMV,GEMOV,GEMNMV,232.20.98.134,3101,172.31.1.21,172.31.2.21,DBS,Yes,Sentry 2,0,,Port 99,Port 1099
GEONWS,GEONW,GEONWS,232.20.214.29,3101,172.31.1.24,172.31.2.24,DBS,Yes,Sentry 2,0,,Port 100,Port 1100
GEOTV,GEOTV,GEOTV,232.20.214.31,3101,172.31.1.24,172.31.2.24,DBS,Yes,Sentry 2,0,,Port 101,Port 1101
GETV,GETV,GETV,232.20.97.198,3101,172.31.1.21,172.31.2.21,DBS,Yes,Sentry 2,0,,Port 102,Port 1102
GHANTA,NA,GHANTA,232.70.6.102,1234,172.31.27.22,172.31.28.22,TATA,Yes,Sentry 2,0,,Port 103,Port 1103
GOLFHD,GOLF,GOLFHD,232.70.2.102,1234,172.31.27.22,172.31.28.22,NBC,Yes,Sentry 2,0,,Port 104,Port 1104
GREEKC,GREKC,GREEKC,232.20.97.162,3101,172.31.1.24,172.31.2.24,MX1,Yes,Sentry 2,0,,Port 105,Port 1105
GRTWLE,NA,GRTWLE,232.20.96.80,3101,172.31.1.21,172.31.2.21,DBS,Yes,Sentry 2,0,,Port 106,Port 1106
GRTWLF,NA,GRTWLF,232.70.5.143,1234,172.31.27.23,172.31.28.23,ZIXI,Yes,Sentry 2,0,,Port 107,Port 1107
GRVPG,NA,GRVPG,232.70.5.141,1234,172.31.27.23,172.31.28.23,ZIXI,Yes,Sentry 2,0,,Port 108,Port 1108
GRVSS,NA,GRVSS,232.70.5.142,1234,172.31.27.23,172.31.28.23,ZIXI,Yes,Sentry 2,0,,Port 109,Port 1109
GSNHD,NA,GSNHD,232.168.50.103,3101,172.31.1.32,172.31.2.32,Gilbert IRD,Yes,Sentry 2,0,,Port 110,Port 1110
GUAND,NA,GUAND,232.33.7.10,3101,172.31.1.21,172.31.2.21,DBS,Yes,Sentry 2,0,,Port 111,Port 1111
GULISTN,NA,GULISTN,232.70.5.44,1234,172.31.27.23,172.31.28.23,ZIXI,Yes,Sentry 2,0,,Port 112,Port 1112
HALLHD,HALLHD,HALLHD,232.70.7.2,1234,172.31.27.23,172.31.28.23,ENCOMPASS,Yes,Sentry 2,0,,Port 113,Port 1113
HB,HALLA,HB,232.20.97.75,3101,172.31.1.21,172.31.2.21,DBS,Yes,Sentry 2,0,,Port 114,Port 1114
HBOE,HBOE,HBOE,232.168.50.14,3101,172.31.1.32,172.31.2.32,Gilbert IRD,Yes,Sentry 2,0,,Port 115,Port 1115
OLD_HDNMV,OLD_HDNMV,OLD_HDNMV,232.23.40.2,3101,172.31.1.22,172.31.2.22,NOBUNDLE,No,Sentry 2,0,,Port 116,Port 1116
HDRHD,NA,HDRHD,232.70.7.3,1234,172.31.27.23,172.31.28.23,ENCOMPASS,Yes,Sentry 2,0,,Port 117,Port 1117
HGTVHD,HGTV,HGTVHD,232.168.50.2,3101,172.31.1.31,172.31.2.31,Gilbert IRD,Yes,Sentry 2,0,,Port 118,Port 1118
HIDAYA,NA,HIDAYA,232.168.50.90,3101,172.31.1.31,172.31.2.31,Gilbert IRD,Yes,Sentry 2,0,,Port 119,Port 1119
HISSTR,HIST,HISSTR,232.70.3.2,1234,172.31.27.21,172.31.28.21,AandE,Yes,Sentry 2,0,,Port 120,Port 1120
HISTE,HISTE,HISTE,232.168.50.122,3101,172.31.1.32,172.31.2.32,Gilbert IRD,Yes,Sentry 2,0,,Port 121,Port 1121
HKYAT2,ARTH2,HKYAT2,232.20.214.28,3101,172.31.1.24,172.31.2.24,Che TATA,Yes,Sentry 2,0,,Port 122,Port 1122
HLNHD,HLN,HLNHD,232.168.50.43,3101,172.31.1.32,172.31.2.32,Gilbert IRD,Yes,Sentry 2,0,,Port 123,Port 1123
HMMHD,HMM,HMMHD,232.70.7.1,1234,172.31.27.23,172.31.28.23,ENCOMPASS,Yes,Sentry 2,0,,Port 124,Port 1124
HMTV,NA,HMTV,232.70.5.48,1234,172.31.27.23,172.31.28.23,ZIXI,Yes,Sentry 2,0,,Port 125,Port 1125
HOLATVHD,NA,HOLATVHD,232.168.50.108,3101,172.31.1.32,172.31.2.32,Gilbert IRD,Yes,Sentry 2,0,,Port 126,Port 1126
OLD_HRKRS,NA,OLD_HRKRS,232.70.5.74,1234,172.31.27.23,172.31.28.23,ZIXI,No,Sentry 2,0,,Port 127,Port 1127
HUMMA,HUMMA,HUMMA,232.20.97.170,3101,172.31.1.22,172.31.2.22,DBS,Yes,Sentry 2,0,,Port 128,Port 1128
HUNAN,HUNAN,HUNAN,232.33.7.8,3101,172.31.1.21,172.31.2.21,DBS,Yes,Sentry 2,0,,Port 129,Port 1129
IBNLOKMA,IBNLOKMA,IBNLOKMA,232.70.6.142,1234,172.31.27.22 ,172.31.28.22,TATA,Yes,Sentry 2,0,,Port 130,Port 1130
IFC,IFC,IFC,232.70.2.73,1234,172.31.27.23,172.31.28.23,AMC_,Yes,Sentry 2,0,,Port 131,Port 1131
OLD_IKKONK,NA,OLD_IKKONK,232.70.5.12,1234,172.31.27.23,172.31.28.23,ZIXI,No,Sentry 2,0,,Port 132,Port 1132
INDIA24,NA,INDIA24,232.70.6.104,1234,172.31.27.22,172.31.28.22,TATA,Yes,Sentry 2,0,,Port 133,Port 1133
INDTODAY,NA,INDTODAY,232.20.97.167,3101,172.31.1.21,172.31.2.21,DBS,Yes,Sentry 2,0,,Port 134,Port 1134
INSYNC,NA,INSYNC,232.70.5.37,1234,172.31.27.23,172.31.28.23,ZIXI,Yes,Sentry 2,0,,Port 135,Port 1135
IPLUS,IPLUS,IPLUS,232.70.5.38,1234,172.31.27.23,172.31.28.23,ZIXI,Yes,Sentry 2,0,,Port 136,Port 1136
ISHWAR,NA,ISHWAR,232.70.5.64,1234,172.31.27.23,172.31.28.23,ZIXI,Yes,Sentry 2,0,,Port 137,Port 1137
ITVN,ITVN,ITVN,232.20.5.196,3101,172.31.1.21,172.31.2.21,DBS,Yes,Sentry 2,0,,Port 138,Port 1138
ITVNE,ITVNE,ITVNE,232.70.6.171,1234,172.31.27.23,172.31.28.23,TATA,Yes,Sentry 2,0,,Port 139,Port 1139
SHOWPHD,SHOWPHD,SHOWPHD,232.168.50.134,3101,172.31.1.32,172.31.2.32,Gilbert IRD,Yes,Sentry 2,0,,Port 140,Port 1140
SHOCSE,SHOCSE,SHOCSE,232.168.50.132,3101,172.31.1.31,172.31.2.31,Gilbert IRD,Yes,Sentry 2,0,,Port 141,Port 1141
JAYA,JAYA+,JAYA,232.20.97.132,3101,172.31.1.21,172.31.2.21,DBS,Yes,Sentry 2,0,,Port 142,Port 1142
JAYATV,JAYA,JAYATV,232.20.96.43,3101,172.31.1.21,172.31.2.21,DBS,Yes,Sentry 2,0,,Port 143,Port 1143
JAZMUB,AJMUB,JAZMUB,232.20.97.103,3101,172.31.1.21,172.31.2.21,DBS,Yes,Sentry 2,0,,Port 144,Port 1144
BEIN5,BEIN5,BEIN5,232.70.15.5,1234,172.31.27.24,172.31.28.24,Eurovision SRT,Yes,Sentry 2,0,,Port 145,Port 1145
BEIN6,BEIN6,BEIN6,232.70.15.6,1234,172.31.27.24,172.31.28.24,Eurovision SRT,Yes,Sentry 2,0,,Port 146,Port 1146
BEIN7,BEIN7,BEIN7,232.70.15.7,1234,172.31.27.24,172.31.28.24,Eurovision SRT,Yes,Sentry 2,0,,Port 147,Port 1147
WTHRNHD,WTHRNHD,WTHRNHD,232.168.50.128,3101,172.31.1.31,172.31.2.31,Gilbert IRD,Yes,Sentry 2,0,,Port 148,Port 1148
ZLVINGH,ZLVINGH,ZLVINGH,232.23.41.121,3101,172.31.1.21,172.31.2.21,VYVX,Yes,Sentry 2,0,,Port 149,Port 1149
TENIS,TENIS,TENIS,232.168.50.157,3101,172.31.1.32,172.31.2.32,Gilbert IRD,Yes,Sentry 2,0,,Port 150,Port 1150
IQRAA,IQRAA,IQRAA,232.20.214.4,3101,172.31.1.24,172.31.2.24,DBS,Yes,Sentry 2,0,,Port 151,Port 1151
TVBV,TVBV,TVBV,232.20.97.100,3101,172.31.1.21,172.31.2.21,VYVX,Yes,Sentry 2,0,,Port 152,Port 1152
ZCINEMA,ZCINEMA,ZCINEMA,232.20.94.142,3101,172.31.1.21,172.31.2.21,BT Tower,Yes,Sentry 2,0,,Port 153,Port 1153
ZNEWS,ZNEWS,ZNEWS,232.20.97.84,3101,172.31.1.21,172.31.2.21,BT Tower,Yes,Sentry 2,0,,Port 154,Port 1154
CSNDC,CSNDC,CSNDC,232.70.2.117,1234,172.31.27.22,172.31.28.22,NBC,Yes,Sentry 2,0,,Port 155,Port 1155
ESPNHD,ESPN,ESPNHD,232.70.2.11,1234,172.31.27.21,172.31.28.21,ESPN,Yes,Sentry 2,0,,Port 156,Port 1156
JIG,JIC,JIG,232.33.7.1,3101,172.31.1.21,172.31.2.21,DBS,Yes,Sentry 3,0,,Port 0,Port 1000
JISRTV,NA,JISRTV,232.70.5.15,1234,172.31.27.23,172.31.28.23,ZIXI,Yes,Sentry 3,0,,Port 1,Port 1001
JK,NA,JK,232.70.5.41,1234,172.31.27.23,172.31.28.23,ZIXI,Yes,Sentry 3,0,,Port 2,Port 1002
JMAX,JMAX,JMAX,232.20.97.53,3101,172.31.1.21,172.31.2.21,DBS,Yes,Sentry 3,0,,Port 3,Port 1003
JMOV,JMOV,JMOV,232.20.118.11,3101,172.31.1.21,172.31.2.21,DBS,Yes,Sentry 3,0,,Port 4,Port 1004
JORDAN,NA,JORDAN,232.23.13.29,3101,172.31.1.24,172.31.2.24,NEXTOLOGIES,Yes,Sentry 3,0,,Port 5,Port 1005
JUS1,JUS1,JUS1,232.70.5.147,1234,172.31.27.23,172.31.28.23,ZIXI,Yes,Sentry 3,0,,Port 6,Port 1006
JUSCO,JUSCO,JUSCO,232.70.5.148,1234,172.31.27.23,172.31.28.23,ZIXI,Yes,Sentry 3,0,,Port 7,Port 1007
JUSPUNJ,JUS,JUSPUNJ,232.20.5.129,3101,172.31.1.24,172.31.2.24,TATA,Yes,Sentry 3,0,,Port 8,Port 1008
KABEDT,KABE,KABEDT,232.30.12.31,3101,172.31.1.23,172.31.2.23,LOCALS,Yes,Sentry 3,0,,Port 9,Port 1009
KAIRALI,KAIRA,KAIRALI,232.20.98.135,3101,172.31.1.21,172.31.2.21,DBS,Yes,Sentry 3,0,1:Audio Pid,Port 10,Port 1010
KAIRWE,NA,KAIRWE,232.70.1.12,3101,172.31.27.71,172.31.28.71,MX1,Yes,Sentry 3,0,1:Audio Pid,Port 11,Port 1011
KAJB,KAJB,KAJB,232.30.214.8,3101,172.31.1.23,172.31.2.23,LOCALS,Yes,Sentry 3,2,1:eng 2:spa,Port 12,Port 1012
KAKW,KAKW,KAKW,232.31.11.7,3101,172.31.1.23,172.31.2.23,LOCALS,Yes,Sentry 3,AC3,1:AC3 2:san,Port 13,Port 1013
KATHYANI,NA,KATHYANI,232.70.5.59,1234,172.31.27.23,172.31.28.23,ZIXI,Yes,Sentry 3,0,,Port 14,Port 1014
KBNT,KBNT,KBNT,232.31.171.8,3101,172.31.1.23,172.31.2.23,LOCALS,Yes,Sentry 3,AC3,1:AC3 2:san,Port 15,Port 1015
KCEC,KCEC,KCEC,232.30.53.9,3101,172.31.1.23,172.31.2.23,LOCALS,Yes,Sentry 3,AC3,1:san 2:AC3,Port 16,Port 1016
KDCU,KDCU,KDCU,232.31.208.9,3101,172.31.1.23,172.31.2.23,LOCALS,Yes,Sentry 3,AC3,1:san 2:AC3,Port 17,Port 1017
KDFWDT,KDFW,KDFWDT,232.31.50.4,3101,172.31.1.23,172.31.2.23,LOCALS,Yes,Sentry 3,AC3,1:san 2:AC3,Port 18,Port 1018
KDTF,KDTF,KDTF,232.31.171.6,3101,172.31.1.23,172.31.2.23,LOCALS,Yes,Sentry 3,AC3,1:AC3 2:san,Port 19,Port 1019
KDTV,KDTV,KDTV,232.31.172.13,3101,172.31.1.23,172.31.2.23,LOCALS,Yes,Sentry 3,AC3,1:san 2:AC3,Port 20,Port 1020
KFPH,KFPH,KFPH,232.31.151.10,3101,172.31.1.23,172.31.2.23,LOCALS,Yes,Sentry 3,AC3,1:AC3 2:spa,Port 21,Port 1021
KFSF,KFSF,KFSF,232.31.172.12,3101,172.31.1.23,172.31.2.23,LOCALS,Yes,Sentry 3,AC3,1:san 2:AC3,Port 22,Port 1022
KFTH,KFTH,KFTH,232.31.90.22,3101,172.31.1.23,172.31.2.23,LOCALS,Yes,Sentry 3,AC3,1:san 2:AC3,Port 23,Port 1023
KFTR,KFTR,KFTR,232.31.114.13,3101,172.31.1.23,172.31.2.23,LOCALS,Yes,Sentry 3,AC3,1:AC3 2:san,Port 24,Port 1024
KFTV,KFTV,KFTV,232.31.71.5,3101,172.31.1.23,172.31.2.23,LOCALS,Yes,Sentry 3,AC3,1:san 2:AC3,Port 25,Port 1025
KHBRTV,NA,KHBRTV,232.70.5.60,1234,172.31.27.23,172.31.28.23,ZIXI,Yes,Sentry 3,0,1 audio pid,Port 26,Port 1026
KINC,KINC,KINC,232.31.109.15,3101,172.31.1.23,172.31.2.23,LOCALS,Yes,Sentry 3,AC3,1:san 2:AC3,Port 27,Port 1027
KINOPOL,KINO!,KINOPOL,232.70.5.28,1234,172.31.27.23,172.31.28.23,ZIXI,Yes,Sentry 3,0,1 audio pid,Port 28,Port 1028
KINT,KINT,KINT,232.31.58.8,3101,172.31.1.23,172.31.2.23,LOCALS,Yes,Sentry 3,AC3,1:AC3 2:san,Port 29,Port 1029
KIRAN,KIRAN,KIRAN,232.20.97.177,3101,172.31.1.21,172.31.2.21,DBS,Yes,Sentry 3,0,1 audio pid,Port 30,Port 1030
KLDO,KLDO,KLDO,232.31.108.5,3101,172.31.1.23,172.31.2.23,LOCALS,Yes,Sentry 3,AC3,1:AC3 2:san,Port 31,Port 1031
KLGNRTV,KLAIG,KLGNRTV,232.20.96.65,3101,172.31.1.21,172.31.2.21,DBS,Yes,Sentry 3,0,1 audio pid,Port 32,Port 1032
KLUZ,KLUZ,KLUZ,232.31.4.13,3101,172.31.1.23,172.31.2.23,LOCALS,Yes,Sentry 3,AC3,1:AC3 2:san,Port 33,Port 1033
KMEX,KMEX,KMEX,232.31.114.8,3101,172.31.1.23,172.31.2.23,LOCALS,Yes,Sentry 3,AC3,1:AC3 2:san,Port 34,Port 1034
KMSPDT,KMSP,KMSPDT,232.31.127.4,3101,172.31.1.23,172.31.2.23,LOCALS,Yes,Sentry 3,AC3,1:AC3 2:san,Port 35,Port 1035
KNBCDT,KNBC,KNBCDT,232.70.2.159,1234,172.31.27.22,172.31.28.22,NBC,Yes,Sentry 3,AC3,1:AC3 2:san,Port 36,Port 1036
KNIC,KNIC,KNIC,232.31.170.10,3101,172.31.1.23,172.31.2.23,LOCALS,Yes,Sentry 3,AC3,1:san 2:AC3,Port 37,Port 1037
KNSDDT,KNSD,KNSDDT,232.70.2.158,1234,172.31.27.22,172.31.28.22,NBC,Yes,Sentry 3,AC3,"1:AC3 2:AAC,eng",Port 38,Port 1038
KNTVDT,KNTV,KNTVDT,232.70.2.160,1234,172.31.27.22,172.31.28.22,NBC,Yes,Sentry 3,AC3,"1:AC3 2:AAC,eng",Port 39,Port 1039
KNVO,KNVO,KNVO,232.31.83.10,3101,172.31.1.23,172.31.2.23,LOCALS,Yes,Sentry 3,AC3,1:AC3 2:san,Port 40,Port 1040
KORO,KORO,KORO,232.31.49.9,3101,172.31.1.23,172.31.2.23,LOCALS,Yes,Sentry 3,AC3,1:AC3 2:san,Port 41,Port 1041
KPMR,KPMR,KPMR,232.31.175.6,3101,172.31.1.23,172.31.2.23,LOCALS,Yes,Sentry 3,AC3,1:AC3 2:san,Port 42,Port 1042
KREN,KREN,KREN,232.31.160.8,3101,172.31.1.23,172.31.2.23,LOCALS,Yes,Sentry 3,AC3,1:AC3 2:san,Port 43,Port 1043
KRIVDT,KRIV,KRIVDT,232.31.90.4,3101,172.31.1.23,172.31.2.23,LOCALS,Yes,Sentry 3,AC3,1:AC3 2:san,Port 44,Port 1044
KSAZDT,KSAZ,KSAZDT,232.31.151.4,3101,172.31.1.23,172.31.2.23,LOCALS,Yes,Sentry 3,AC3,1:AC3 2:san,Port 45,Port 1045
KSMSDT,KSMS,KSMSDT,232.31.132.6,3101,172.31.1.23,172.31.2.23,LOCALS,Yes,Sentry 3,AC3,1:AC3 2:san,Port 46,Port 1046
KSTR,KSTR,KSTR,232.31.50.15,3101,172.31.1.23,172.31.2.23,LOCALS,Yes,Sentry 3,0,????????????,Port 47,Port 1047
KSTU,KSTU,KSTU,232.31.168.4,3101,172.31.1.24,172.31.2.24,LOCALS,Yes,Sentry 3,AC3,1:san 2:AC3,Port 48,Port 1048
KTBCDT,KTBC,KTBCDT,232.31.11.4,3101,172.31.1.23,172.31.2.23,LOCALS,Yes,Sentry 3,AC3,1:AC3 2:san,Port 49,Port 1049
BEIN3,BEIN3,BEIN3,232.70.15.3,1234,172.31.27.24,172.31.28.24,Eurovision SRT,Yes,Sentry 3,1,"1:AC3,eng 2:,mult, 3:cue, 4:int",Port 50,Port 1050
KTFF,KTFF,KTFF,232.31.71.9,3101,172.31.1.23,172.31.2.23,LOCALS,Yes,Sentry 3,0,1 audio pid,Port 51,Port 1051
KTFK,KTFK,KTFK,232.31.166.8,3101,172.31.1.23,172.31.2.23,LOCALS,Yes,Sentry 3,AC3,1:san 2:AC3,Port 52,Port 1052
KTFN,KTFN,KTFN,232.31.58.9,3101,172.31.1.23,172.31.2.23,LOCALS,Yes,Sentry 3,AC3,1:AC3 2:san,Port 53,Port 1053
KTFQ,KTFQ,KTFQ,232.31.4.12,3101,172.31.1.23,172.31.2.23,LOCALS,Yes,Sentry 3,AC3,1:AC3 2:san,Port 54,Port 1054
KTFVDT,KTFVDT,KTFVDT,232.31.83.6,3101,172.31.1.23,172.31.2.23,LOCALS,Yes,Sentry 3,0,1 audio pid,Port 55,Port 1055
KTTVDT,KTTV,KTTVDT,232.31.114.4,3101,172.31.1.23,172.31.2.23,LOCALS,Yes,Sentry 3,AC3,1:AC3 2:san,Port 56,Port 1056
KTV1,KTV,KTV1,232.20.97.119,3101,172.31.1.21,172.31.2.21,Che BT Tower,Yes,Sentry 3,0,1 audio pid,Port 57,Port 1057
KTVUDT,KTVU,KTVUDT,232.31.172.4,3101,172.31.1.23,172.31.2.23,LOCALS,Yes,Sentry 3,AC3,1:AC3 2:san,Port 58,Port 1058
KTVW,KTVW,KTVW,232.31.151.9,3101,172.31.1.23,172.31.2.23,LOCALS,Yes,Sentry 3,AC3,1:AC3 2:san,Port 59,Port 1059
KUNPDT,KUNPDT,KUNPDT,232.31.154.8,3101,172.31.1.23,172.31.2.23,LOCALS,Yes,Sentry 3,AC3,1:AC3 2:san,Port 60,Port 1060
KUNS,KUNS,KUNS,232.31.177.13,3101,172.31.1.23,172.31.2.23,LOCALS,Yes,Sentry 3,AC3,1:AC3 2:san,Port 61,Port 1061
KUNW,KUNW,KUNW,232.30.212.1,3101,172.31.1.23,172.31.2.23,LOCALS,Yes,Sentry 3,0,???????????,Port 62,Port 1062
KUOK,KUOK,KUOK,232.31.141.9,3101,172.31.1.23,172.31.2.23,LOCALS,Yes,Sentry 3,0,1 audio pid,Port 63,Port 1063
KUPB,KUPB,KUPB,232.31.140.8,3101,172.31.1.23,172.31.2.23,LOCALS,Yes,Sentry 3,AC3,1:AC3 2:san,Port 64,Port 1064
KUTH,KUTH,KUTH,232.31.168.10,3101,172.31.1.23,172.31.2.23,LOCALS,Yes,Sentry 3,AC3,1:san 2:AC3,Port 65,Port 1065
KUVE,KUVE,KUVE,232.31.196.10,3101,172.31.1.23,172.31.2.23,LOCALS,Yes,Sentry 3,AC3,1:AC3 2:san,Port 66,Port 1066
KUVN,KUVN,KUVN,232.31.50.16,3101,172.31.1.23,172.31.2.23,LOCALS,Yes,Sentry 3,2,????????,Port 67,Port 1067
KUVS,KUVS,KUVS,232.31.166.7,3101,172.31.1.23,172.31.2.23,LOCALS,Yes,Sentry 3,AC3,1:AC3 2:san,Port 68,Port 1068
KVER,KVER,KVER,232.31.146.8,3101,172.31.1.23,172.31.2.23,LOCALS,Yes,Sentry 3,AC3,1:AC3 2:san,Port 69,Port 1069
KVSN,KVSN,KVSN,232.31.43.5,3101,172.31.1.23,172.31.2.23,LOCALS,Yes,Sentry 3,AC3,1:AC3 2:san,Port 70,Port 1070
KVYE,KVYE,KVYE,232.30.214.9,3101,172.31.1.23,172.31.2.23,LOCALS,Yes,Sentry 3,0,1 audio pid,Port 71,Port 1071
KWEX,KWEX,KWEX,232.31.170.9,3101,172.31.1.23,172.31.2.23,LOCALS,Yes,Sentry 3,AC3,1:san 2:AC3,Port 72,Port 1072
KXASDT,KXAS,KXASDT,232.70.2.156,1234,172.31.27.22,172.31.28.22,NBC,Yes,Sentry 3,AC3,1:AC3 2:san,Port 73,Port 1073
KXLN,KXLN,KXLN,232.31.90.21,3101,172.31.1.23,172.31.2.23,LOCALS,Yes,Sentry 3,AC3,1:san 2:AC3,Port 74,Port 1074
LA7ITL,LA7TE,LA7ITL,232.20.97.148,3101,172.31.1.21,172.31.2.21,DBS,Yes,Sentry 3,0,1 audio pid,Port 75,Port 1075
LBC,LBCS,LBC,232.23.13.37,3101,172.31.1.24,172.31.2.24,NEXTOLOGIES,Yes,Sentry 3,0,1 audio pid,Port 76,Port 1076
LDC,LDC,LDC,232.20.214.60,3101,172.31.1.22,172.31.2.22,Che OVERON,Yes,Sentry 3,0,1 audio pid,Port 77,Port 1077
LFOODZ,LVNGF,LFOODZ,232.20.97.85,3101,172.31.1.21,172.31.2.21,DBS,Yes,Sentry 3,0,1 audio pid,Port 78,Port 1078
LGSTV,NA,LGSTV,232.168.50.89,3101,172.31.1.31,172.31.2.31,Gilbert IRD,Yes,Sentry 3,0,1 audio pid,Port 79,Port 1079
LIFEHD,LIFE,LIFEHD,232.70.3.5,1234,172.31.27.21,172.31.28.21,AandE,Yes,Sentry 3,AC3,1:und 2:AC3,Port 80,Port 1080
LMN,LMN,LMN,232.70.3.6,1234,172.31.27.21,172.31.28.21,AandE,Yes,Sentry 3,AC3,1:und 2:AC3,Port 81,Port 1081
LOGO,LOGO,LOGO,232.168.50.102,3101,172.31.1.32,172.31.2.32,Gilbert IRD,Yes,Sentry 3,1,"1: AC3,2.0 2:AC3,1.0",Port 82,Port 1082
DEUTWG,DEUTWG,DEUTWG,232.20.96.74,3101,172.31.1.23,172.31.2.23,DBS,Yes,Sentry 3,0,1 audio pid,Port 83,Port 1083
NBATOR,NA,NBATOR,232.23.36.88,3101,172.31.1.24,172.31.2.24,Gilbert MCR,Yes,Sentry 3,AC3,"1:AC3,eng 2:Audio2.0",Port 84,Port 1084
DEUTWE,DEUTWE,DEUTWE,232.168.50.158,3101,172.31.1.21,172.31.2.21,Gilbert IRD,Yes,Sentry 3,0,1 audio pid,Port 85,Port 1085
DEUTWA,DEUTWA,DEUTWA,232.70.1.84,3101,172.31.27.71,172.31.28.71,MX1,Yes,Sentry 3,0,,Port 86,Port 1086
OLD_MAATV,OLD_MAATV,OLD_MAATV,232.20.98.146,3101,172.31.1.21,172.31.2.21,DBS,No,Sentry 3,0,,Port 87,Port 1087
MCLASSIC,MCLASSIC,MCLASSIC,232.20.214.49,3101,172.31.1.24,172.31.2.24,Che NEXTOLOGIES,Yes,Sentry 3,0,,Port 88,Port 1088
MAFLAM,MLDYA,MAFLAM,232.20.214.50,3101,172.31.1.24,172.31.2.24,Che NEXTOLOGIES,Yes,Sentry 3,0,,Port 89,Port 1089
OLD_MAGOLD,OLD_MAAG,OLD_MAGOLD,232.20.118.14,3101,172.31.1.21,172.31.2.21,DBS,No,Sentry 3,0,,Port 90,Port 1090
OLD_MAMUSIC,OLD_MAAMU,OLD_MAMUSIC,232.20.118.13,3101,172.31.1.21,172.31.2.21,DBS,No,Sentry 3,0,,Port 91,Port 1091
MAXHD,MAXHD,MAXHD,232.168.50.16,3101,172.31.1.32,172.31.2.32,Gilbert IRD,Yes,Sentry 3,1,"1:AC3,eng 2:AC3,spa",Port 92,Port 1092
MBC1,MBC,MBC1,232.20.97.210,3101,172.31.1.21,172.31.2.21,DBS,Yes,Sentry 3,0,,Port 93,Port 1093
MBCDR,MBCDR,MBCDR,232.20.214.7,3101,172.31.1.24,172.31.2.24,DBS,Yes,Sentry 3,0,,Port 94,Port 1094
MBCKD,MBC3,MBCKD,232.20.214.1,3101,172.31.1.24,172.31.2.24,DBS,Yes,Sentry 3,0,,Port 95,Port 1095
MBCM,MBCM,MBCM,232.20.214.2,3101,172.31.1.24,172.31.2.24,DBS,Yes,Sentry 3,0,,Port 96,Port 1096
NBASLC,NA,NBASLC,232.23.36.89,3101,172.31.1.24,172.31.2.24,Gilbert MCR,Yes,Sentry 3,0,,Port 97,Port 1097
MCTEST,NA,MCTEST,232.16.232.21,3101,172.31.1.22,172.31.2.22,Gilbert MCR,Yes,Sentry 3,0,,Port 98,Port 1098
MEATV,NA,MEATV,232.70.4.11,1234,172.31.27.23,172.31.28.23,VYVX,Yes,Sentry 3,0,,Port 99,Port 1099
MEGAC,MEGA,MEGAC,232.20.214.42,3101,172.31.1.24,172.31.2.24,DBS,Yes,Sentry 3,0,,Port 100,Port 1100
MEKLAT,MEKLAT,MEKLAT,232.168.50.116,3101,172.31.1.32,172.31.2.32,Gilbert IRD,Yes,Sentry 3,0,,Port 101,Port 1101
MELDRA,NA,MELDRA,232.70.5.25,1234,172.31.27.23,172.31.28.23,ZIXI,Yes,Sentry 3,0,,Port 102,Port 1102
MESAT,NA,MESAT,232.23.13.11,3101,172.31.1.22,172.31.2.22,NEXTOLOGIES,Yes,Sentry 3,0,,Port 103,Port 1103
MILENIO,NA,MILENIO,232.168.50.75,3101,172.31.1.31,172.31.2.31,Gilbert IRD,Yes,Sentry 3,0,,Port 104,Port 1104
MIS,MIS,MIS,232.70.4.1,1234,172.31.27.23,172.31.28.23,LTN,Yes,Sentry 3,0,,Port 105,Port 1105
MLDYH,MLDYH,MLDYH,232.20.97.35,3101,172.31.1.22,172.31.2.22,DBS,Yes,Sentry 3,0,,Port 106,Port 1106
MMTVUS,NA,MMTVUS,232.168.50.73,3101,172.31.1.31,172.31.2.31,Gilbert IRD,Yes,Sentry 3,0,,Port 107,Port 1107
MNBCHD,MSNBC,MNBCHD,232.70.2.112,1234,172.31.27.22,172.31.28.22,NBC,Yes,Sentry 3,0,,Port 108,Port 1108
MNRMA,MNRMA,MNRMA,232.20.96.134,3101,172.31.1.21,172.31.2.21,DBS,Yes,Sentry 3,0,,Port 109,Port 1109
OLD_MOK,OLD_MOVOK,OLD_MOK,232.20.98.164,3101,172.31.1.21,172.31.2.21,DBS,No,Sentry 3,0,,Port 110,Port 1110
BEIN4,BEIN4,BEIN4,232.70.15.4,1234,172.31.27.24,172.31.28.24,Eurovision SRT,Yes,Sentry 3,0,,Port 111,Port 1111
MTA3,NA,MTA3,232.168.50.76,3101,172.31.1.31,172.31.2.31,Gilbert IRD,Yes,Sentry 3,0,,Port 112,Port 1112
MTV,MTV,MTV,232.168.50.98,3101,172.31.1.32,172.31.2.32,Gilbert IRD,Yes,Sentry 3,0,,Port 113,Port 1113
MTV2HD,MTV2,MTV2HD,232.168.50.52,3101,172.31.1.31,172.31.2.31,Gilbert IRD,Yes,Sentry 3,0,,Port 114,Port 1114
MTVIND,MTVH,MTVIND,232.20.214.18,3101,172.31.1.24,172.31.2.24,Che BT Tower,Yes,Sentry 3,0,,Port 115,Port 1115
SHO2,SHOTO,SHO2,232.168.50.131,3101,172.31.1.31,172.31.2.31,Gilbert IRD,Yes,Sentry 3,0,,Port 116,Port 1116
MURRTV,MURTV,MURRTV,232.20.214.54,3101,172.31.1.22,172.31.2.22,Che OVERON,Yes,Sentry 3,0,,Port 117,Port 1117
MYGTV,MGTV,MYGTV,232.20.94.168,3101,172.31.1.21,172.31.2.21,DBS,Yes,Sentry 3,0,,Port 118,Port 1118
MZYKA,MZYKA,MZYKA,232.20.96.172,3101,172.31.1.21,172.31.2.21,DBS,Yes,Sentry 3,0,,Port 119,Port 1119
N18I,NA,N18I,232.70.6.140,1234,172.31.27.22 ,172.31.28.22,TATA,Yes,Sentry 3,0,,Port 120,Port 1120
N18KLA,NA,N18KLA,232.70.6.138,1234,172.31.27.22,172.31.28.22,TATA,Yes,Sentry 3,0,,Port 121,Port 1121
N18NE,NA,N18NE,232.70.6.139,1234,172.31.1.31,172.31.2.31,TATA,Yes,Sentry 3,0,,Port 122,Port 1122
N18TML,NA,N18TML,232.70.6.137,1234,172.31.27.22 ,172.31.28.22,TATA,Yes,Sentry 3,0,,Port 123,Port 1123
NATCL,NATCL,NATCL,232.70.5.13,1234,172.31.27.23,172.31.28.23,ZIXI,Yes,Sentry 3,0,,Port 124,Port 1124
NATUREV,NA,NATUREV,232.70.5.18,1234,172.31.27.23,172.31.28.23,ZIXI,Yes,Sentry 3,0,,Port 125,Port 1125
NBAATL,NA,NBAATL,232.23.36.61,3101,172.31.1.22,172.31.2.22,Gilbert MCR,Yes,Sentry 3,0,,Port 126,Port 1126
NBABOS,NA,NBABOS,232.23.36.62,3101,172.31.1.22,172.31.2.22,Gilbert MCR,Yes,Sentry 3,0,,Port 127,Port 1127
NBABRK,NA,NBABRK,232.23.36.63,3101,172.31.1.22,172.31.2.22,Gilbert MCR,Yes,Sentry 3,0,,Port 128,Port 1128
NBACHI,NA,NBACHI,232.23.36.65,3101,172.31.1.22,172.31.2.22,Gilbert MCR,Yes,Sentry 3,0,,Port 129,Port 1129
NBACLE,NA,NBACLE,232.23.36.66,3101,172.31.1.22,172.31.2.22,Gilbert MCR,Yes,Sentry 3,0,,Port 130,Port 1130
NBACLT,NA,NBACLT,232.23.36.64,3101,172.31.1.22,172.31.2.22,Gilbert MCR,Yes,Sentry 3,0,,Port 131,Port 1131
NBADAL,NA,NBADAL,232.23.36.67,3101,172.31.1.22,172.31.2.22,Gilbert MCR,Yes,Sentry 3,0,,Port 132,Port 1132
NBADEN,NA,NBADEN,232.23.36.68,3101,172.31.1.22,172.31.2.22,Gilbert MCR,Yes,Sentry 3,0,,Port 133,Port 1133
NBADET,NA,NBADET,232.23.36.69,3101,172.31.1.22,172.31.2.22,Gilbert MCR,Yes,Sentry 3,0,,Port 134,Port 1134
NBAHOU,NA,NBAHOU,232.23.36.71,3101,172.31.1.22,172.31.2.22,Gilbert MCR,Yes,Sentry 3,0,,Port 135,Port 1135
NBAIND,NA,NBAIND,232.23.36.72,3101,172.31.1.22,172.31.2.22,Gilbert MCR,Yes,Sentry 3,0,,Port 136,Port 1136
NBALAC,NA,NBALAC,232.23.36.73,3101,172.31.1.22,172.31.2.22,Gilbert MCR,Yes,Sentry 3,0,,Port 137,Port 1137
NBALAL,NA,NBALAL,232.23.36.74,3101,172.31.1.22,172.31.2.22,Gilbert MCR,Yes,Sentry 3,0,,Port 138,Port 1138
NBAMEM,NA,NBAMEM,232.23.36.75,3101,172.31.1.22,172.31.2.22,Gilbert MCR,Yes,Sentry 3,0,,Port 139,Port 1139
NBAMIA,NA,NBAMIA,232.23.36.76,3101,172.31.1.22,172.31.2.22,Gilbert MCR,Yes,Sentry 3,0,,Port 140,Port 1140
NBAMIL,NA,NBAMIL,232.23.36.77,3101,172.31.1.22,172.31.2.22,Gilbert MCR,Yes,Sentry 3,0,,Port 141,Port 1141
NBAMIN,NA,NBAMIN,232.23.36.78,3101,172.31.1.22,172.31.2.22,Gilbert MCR,Yes,Sentry 3,0,,Port 142,Port 1142
NBANOL,NA,NBANOL,232.23.36.79,3101,172.31.1.22,172.31.2.22,Gilbert MCR,Yes,Sentry 3,0,,Port 143,Port 1143
NBANYC,NA,NBANYC,232.23.36.80,3101,172.31.1.22,172.31.2.22,Gilbert MCR,Yes,Sentry 3,0,,Port 144,Port 1144
NBAOKC,NA,NBAOKC,232.23.36.91,3101,172.31.1.22,172.31.2.22,Gilbert MCR,Yes,Sentry 3,0,,Port 145,Port 1145
NBAORL,NA,NBAORL,232.23.36.82,3101,172.31.1.22,172.31.2.22,Gilbert MCR,Yes,Sentry 3,0,,Port 146,Port 1146
NBAPHIL,NA,NBAPHIL,232.23.36.83,3101,172.31.1.22,172.31.2.22,Gilbert MCR,Yes,Sentry 3,0,,Port 147,Port 1147
NBAPHX,NA,NBAPHX,232.23.36.92,3101,172.31.1.22,172.31.2.22,Gilbert MCR,Yes,Sentry 3,0,,Port 148,Port 1148
NBAPOR,NA,NBAPOR,232.23.36.85,3101,172.31.1.22,172.31.2.22,Gilbert MCR,Yes,Sentry 3,0,,Port 149,Port 1149
NBASAC,NA,NBASAC,232.23.36.93,3101,172.31.1.24,172.31.2.24,Gilbert MCR,Yes,Sentry 3,0,,Port 150,Port 1150
NBASAT,NA,NBASAT,232.23.36.87,3101,172.31.1.24,172.31.2.24,Gilbert MCR,Yes,Sentry 3,0,,Port 151,Port 1151
NBASFO,NA,NBASFO,232.23.36.70,3101,172.31.1.22,172.31.2.22,Gilbert MCR,Yes,Sentry 3,0,,Port 152,Port 1152
BEIN8,BEIN8,BEIN8,232.70.15.8,1234,172.31.27.24,172.31.28.24,Eurovision SRT,Yes,Sentry 3,0,,Port 153,Port 1153
PEOPL,PEOPL,PEOPL,232.70.1.11,3101,172.31.27.71,172.31.28.71,MX1,Yes,Sentry 3,0,,Port 154,Port 1154
RCNTEL,RCNTEL,RCNTEL,232.168.50.68,3101,172.31.1.32,172.31.2.32,Gilbert IRD,Yes,Sentry 3,0,,Port 155,Port 1155
TMICRO,TMICRO,TMICRO,232.168.50.72,3101,172.31.1.31,172.31.2.31,Gilbert IRD,Yes,Sentry 3,0,,Port 156,Port 1156
ZEEFAM,ZFAM,ZEEFAM,232.23.138.55,3101,172.31.1.21,172.31.2.21,DBS,Yes,Sentry 3,0,,Port 157,Port 1157
AKAAL,N/A,AKAAL,232.70.5.75,1234,172.31.27.23,172.31.28.23,ZIXI,Yes,Sentry 3,0,,Port 158,Port 1158
PPV5,NA,PPV5,232.23.36.60,3101,172.31.1.22,172.31.2.22,Gilbert MCR,Yes,Sentry 3,0,,Port 159,Port 1159
OLD_NBASLC,NA,OLD_NBASLC,232.23.36.89,3101,172.31.1.24,172.31.2.24,Gilbert MCR,No,Sentry 4,0,,Port 0,Port 1000
HDNETMV,HDNETMV,HDNETMV,232.168.50.96,3101,172.31.1.32,172.31.2.32,Gilbert IRD,Yes,Sentry 4,0,,Port 1,Port 1001
NBATVHD,NBATVHD,NBATVHD,232.168.50.121,3101,172.31.1.32,172.31.2.32,Gilbert IRD,Yes,Sentry 4,0,,Port 2,Port 1002
NBAWAS,NA,NBAWAS,232.23.36.90,3101,172.31.1.24,172.31.2.24,Gilbert MCR,Yes,Sentry 4,0,,Port 3,Port 1003
NBCSNA1,NA,NBCSNA1,232.23.36.53,3101,172.31.1.24,172.31.2.24,Gilbert MCR,Yes,Sentry 4,0,,Port 4,Port 1004
SLING2,NA,SLING2,232.23.36.54,3101,172.31.1.22,172.31.2.22,Gilbert MCR,Yes,Sentry 4,0,,Port 5,Port 1005
NBCSNHD,NBCSP,NBCSNHD,232.70.2.101,1234,172.31.27.22,172.31.28.22,NBC,Yes,Sentry 4,0,,Port 6,Port 1006
NBN,NBN,NBN,232.20.214.62,3101,172.31.1.22,172.31.2.22,Che OVERON,Yes,Sentry 4,0,,Port 7,Port 1007
NDGT,NDTVG,NDGT,232.20.94.209,3101,172.31.1.21,172.31.2.21,DBS,Yes,Sentry 4,0,,Port 8,Port 1008
NDTV2,NDTV,NDTV2,232.20.94.210,3101,172.31.1.21,172.31.2.21,DBS,Yes,Sentry 4,0,,Port 9,Port 1009
NEW18,NEW18,NEW18,232.20.96.103,3101,172.31.1.21,172.31.2.21,DBS,Yes,Sentry 4,0,,Port 10,Port 1010
NEWSWLD,NA,NEWSWLD,232.70.5.56,1234,172.31.27.23,172.31.28.23,ZIXI,Yes,Sentry 4,0,,Port 11,Port 1011
NEWSY,NA,NEWSY,232.70.5.91,1234,172.31.27.23,172.31.28.23,ZIXI,Yes,Sentry 4,0,,Port 12,Port 1012
NEWTV,NEWTV,NEWTV,232.20.214.63,3101,172.31.1.22,172.31.2.22,Che OVERON,Yes,Sentry 4,0,,Port 13,Port 1013
NFLHD,NFLHD,NFLHD,232.23.99.2,3101,172.31.1.22,172.31.2.22,DBS,Yes,Sentry 4,0,,Port 14,Port 1014
NFLHD200,NFLHD200,NFLHD200,232.23.39.210,3101,172.31.1.22,172.31.2.22,DBS,Yes,Sentry 4,0,,Port 15,Port 1015
NFLRZ,NFLRZ,NFLRZ,232.23.36.41,3101,172.31.1.22,172.31.2.22,DBS,Yes,Sentry 4,0,,Port 16,Port 1016
NGCHD,NA,NGCHD,232.70.10.4,1234,172.31.27.21,172.31.28.21,FOX,Yes,Sentry 4,0,,Port 17,Port 1017
NHLHD,NA,NHLHD,232.168.50.113,3101,172.31.1.31,172.31.2.32,Gilbert IRD,Yes,Sentry 4,0,,Port 18,Port 1018
NICJRHD,NKJR,NICJRHD,232.168.50.48,3101,172.31.1.31,172.31.2.31,Gilbert IRD,Yes,Sentry 4,0,,Port 19,Port 1019
NIKTNHD,NICKT,NIKTNHD,232.168.50.49,3101,172.31.1.31,172.31.2.31,Gilbert IRD,Yes,Sentry 4,0,,Port 20,Port 1020
NILE,NILE,NILE,232.20.97.208,3101,172.31.1.21,172.31.2.21,DBS,Yes,Sentry 4,0,,Port 21,Port 1021
NOURAL,NA,NOURAL,232.70.1.86,3101,172.31.27.71,172.31.28.71,MX1,Yes,Sentry 4,0,,Port 22,Port 1022
NOURAS,NOURAS,NOURAS,232.70.1.38,3101,172.31.27.71,172.31.28.71,MX1,Yes,Sentry 4,0,,Port 23,Port 1023
OLD_NOURK,OLD_NOURK,OLD_NOURK,232.70.1.69,3101,172.31.27.71,172.31.28.71,NOBUNDLE,No,Sentry 4,0,,Port 24,Port 1024
NOURMAR,NOURMAR,NOURMAR,232.70.1.31,3101,172.31.27.71,172.31.28.71,MX1,Yes,Sentry 4,0,,Port 25,Port 1025
NOURSAT,NORST,NOURSAT,232.20.214.5,3101,172.31.1.24,172.31.2.24,DBS,Yes,Sentry 4,0,,Port 26,Port 1026
NOURSH,NOURSH,NOURSH,232.70.1.32,3101,172.31.27.71,172.31.28.71,MX1,Yes,Sentry 4,0,,Port 27,Port 1027
NOWHAI,NOWHR,NOWHAI,232.20.96.39,3101,172.31.1.21,172.31.2.21,DBS,Yes,Sentry 4,0,,Port 28,Port 1028
NOWTV,NOWTV,NOWTV,232.20.6.207,3101,172.31.1.21,172.31.2.21,DBS,Yes,Sentry 4,0,,Port 29,Port 1029
NTV1,NTV,NTV1,232.20.98.137,3101,172.31.1.21,172.31.2.21,DBS,Yes,Sentry 4,0,,Port 30,Port 1030
NUESTRA,NTN24,NUESTRA,232.168.50.20,3101,172.31.1.32,172.31.2.32,Gilbert IRD,Yes,Sentry 4,0,,Port 31,Port 1031
NUESTRT,NTEL,NUESTRT,232.20.96.241,3101,172.31.1.21,172.31.2.21,DBS,Yes,Sentry 4,0,,Port 32,Port 1032
NWSMX,NA,NWSMX,232.168.50.125,3101,172.31.1.32,172.31.2.32,Gilbert IRD,Yes,Sentry 4,0,,Port 33,Port 1033
NWSWRLDI,NA,NWSWRLDI,232.70.5.57,1234,172.31.27.23,172.31.28.23,ZIXI,Yes,Sentry 4,0,,Port 34,Port 1034
OLYMPHD,OLYMP,OLYMPHD,232.70.2.171,1234,172.31.27.22,172.31.28.22,NBC,Yes,Sentry 4,0,,Port 35,Port 1035
ONTVUS,ONTV,ONTVUS,232.20.214.36,3101,172.31.1.24,172.31.2.24,Che TATA,Yes,Sentry 4,0,,Port 36,Port 1036
OTVLB,OTV,OTVLB,232.20.214.55,3101,172.31.1.22,172.31.2.22,Che OVERON,Yes,Sentry 4,0,,Port 37,Port 1037
OTVODIA,NA,OTVODIA,232.70.5.54,1234,172.31.27.23,172.31.28.23,ZIXI,Yes,Sentry 4,0,,Port 38,Port 1038
OUTDOORHD,NA,OUTDOORHD,232.168.50.126,3101,172.31.1.31,172.31.2.31,Gilbert IRD,Yes,Sentry 4,0,,Port 39,Port 1039
OLD_OUTHD,OLD_OTDCH,OLD_OUTHD,232.23.41.212,3101,172.31.1.22,172.31.2.22,NOBUNDLE,No,Sentry 4,0,,Port 40,Port 1040
OUTSD,OUTSD,OUTSD,232.168.50.33,3101,172.31.1.32,172.31.2.32,Gilbert IRD,Yes,Sentry 4,0,,Port 41,Port 1041
OXYGENHD,OXYGENHD,OXYGENHD,232.70.2.106,1234,172.31.27.22,172.31.28.22,NBC,Yes,Sentry 4,0,,Port 42,Port 1042
P12AZHD,NA,P12AZHD,232.168.50.62,3101,172.31.1.31,172.31.2.31,Gilbert IRD,Yes,Sentry 4,0,,Port 43,Port 1043
P12BAHD,NA,P12BAHD,232.168.50.64,3101,172.31.1.31,172.31.2.31,Gilbert IRD,Yes,Sentry 4,0,,Port 44,Port 1044
P12LAHD,NA,P12LAHD,232.168.50.63,3101,172.31.1.31,172.31.2.31,Gilbert IRD,Yes,Sentry 4,0,,Port 45,Port 1045
P12MTHD,NA,P12MTHD,232.168.50.67,3101,172.31.1.31,172.31.2.31,Gilbert IRD,Yes,Sentry 4,0,,Port 46,Port 1046
P12ORHD,NA,P12ORHD,232.168.50.65,3101,172.31.1.31,172.31.2.31,Gilbert IRD,Yes,Sentry 4,0,,Port 47,Port 1047
P12WAHD,NA,P12WAHD,232.168.50.66,3101,172.31.1.31,172.31.2.31,Gilbert IRD,Yes,Sentry 4,0,,Port 48,Port 1048
P7S1W,NA,P7S1W,232.70.5.33,1234,172.31.27.23,172.31.28.23,ZIXI,Yes,Sentry 4,0,,Port 49,Port 1049
PSNES,PSNES,PSNES,232.23.34.111,3101,172.31.1.22,172.31.2.22,DBS,Yes,Sentry 4,0,,Port 50,Port 1050
PEACE,NA,PEACE,232.23.13.56,3101,172.31.1.24,172.31.2.24,NEXTOLOGIES,Yes,Sentry 4,0,,Port 51,Port 1051
PFC,PFC,PFC,232.20.97.73,3101,172.31.1.21,172.31.2.21,DBS,Yes,Sentry 4,0,,Port 52,Port 1052
PHKC,NA,PHKC,232.20.94.148,3101,172.31.1.23,172.31.2.23,DBS,Yes,Sentry 4,0,,Port 53,Port 1053
PHNIN,PHNIN,PHNIN,232.20.97.196,3101,172.31.1.21,172.31.2.21,DBS,Yes,Sentry 4,0,,Port 54,Port 1054
PIXLHD,PIXL,PIXLHD,232.23.36.95,3101,172.31.1.22,172.31.2.22,DBS,Yes,Sentry 4,0,,Port 55,Port 1055
PLSTL,PLSTL,PLSTL,232.70.1.82,3101,172.31.27.71,172.31.28.71,MX1,Yes,Sentry 4,0,,Port 56,Port 1056
PNAX,PHNIX,PNAX,232.20.96.78,3101,172.31.1.21,172.31.2.21,DBS,Yes,Sentry 4,0,,Port 57,Port 1057
PNEWSHD,PLSTN,PNEWSHD,232.20.96.143,3101,172.31.1.21,172.31.2.21,DBS,Yes,Sentry 4,0,,Port 58,Port 1058
POLSAT1,PLST1,POLSAT1,232.20.97.66,3101,172.31.1.21,172.31.2.21,DBS,Yes,Sentry 4,0,,Port 59,Port 1059
PPV,NA,PPV,232.23.36.56,3101,172.31.1.22,172.31.2.22,Gilbert MCR,Yes,Sentry 4,0,,Port 60,Port 1060
PPV2,NA,PPV2,232.23.36.57,3101,172.31.1.22,172.31.2.22,Gilbert MCR,Yes,Sentry 4,0,,Port 61,Port 1061
PRAGNW,NA,PRAGNW,232.70.5.65,1234,172.31.27.23,172.31.28.23,ZIXI,Yes,Sentry 4,0,,Port 62,Port 1062
PRAJAA,NA,PRAJAA,232.70.5.51,1234,172.31.27.23,172.31.28.23,ZIXI,Yes,Sentry 4,0,,Port 63,Port 1063
PRATH,NA,PRATH,232.70.5.47,1234,172.31.27.23,172.31.28.23,ZIXI,Yes,Sentry 4,0,,Port 64,Port 1064
PRIME37,PRIME37,PRIME37,232.23.34.37,3101,172.31.1.22,172.31.2.22,DBS,Yes,Sentry 4,0,,Port 65,Port 1065
PRIMHD,PRIME,PRIMHD,232.23.36.60,3101,172.31.1.23,172.31.2.23,DBS,Yes,Sentry 4,0,,Port 66,Port 1066
PSCPA,NA,PSCPA,232.168.50.26,3101,172.31.1.31,172.31.2.31,Gilbert IRD,Yes,Sentry 4,0,,Port 67,Port 1067
PTC,PTCTV,PTC,232.20.214.8,3101,172.31.1.24,172.31.2.24,Che BT Tower,Yes,Sentry 4,0,,Port 68,Port 1068
PTCCD,PTCCD,PTCCD,232.20.214.10,3101,172.31.1.24,172.31.2.24,Che BT Tower,Yes,Sentry 4,0,,Port 69,Port 1069
PTCNWS,PTCN,PTCNWS,232.20.214.9,3101,172.31.1.24,172.31.2.24,Che BT Tower,Yes,Sentry 4,0,,Port 70,Port 1070
PTVGLB,PTV,PTVGLB,232.20.214.6,3101,172.31.1.24,172.31.2.24,DBS,Yes,Sentry 4,0,,Port 71,Port 1071
PUBLCMU,NA,PUBLCMU,232.70.5.52,1234,172.31.27.23,172.31.28.23,ZIXI,Yes,Sentry 4,0,,Port 72,Port 1072
PUBLCTV,NA,PUBLCTV,232.70.5.50,1234,172.31.27.23,172.31.28.23,ZIXI,Yes,Sentry 4,0,,Port 73,Port 1073
PUNJA,APUNJ,PUNJA,232.20.97.214,3101,172.31.1.21,172.31.2.21,DBS,Yes,Sentry 4,0,,Port 74,Port 1074
QTVPAK,QTV,QTVPAK,232.20.214.23,3101,172.31.1.24,172.31.2.24,Che BT Tower,Yes,Sentry 4,0,,Port 75,Port 1075
OLD_RAII,OLD_RAI,OLD_RAII,232.20.5.166,3101,172.31.1.24,172.31.2.24,NOBUNDLE,No,Sentry 4,0,,Port 76,Port 1076
OLD_RAINW24,OLD_RAINW,OLD_RAINW24,232.20.97.65,3101,172.31.1.22,172.31.2.22,DBS,No,Sentry 4,0,,Port 77,Port 1077
OLD_RAIPREM,OLD_RAIPR,OLD_RAIPREM,232.20.97.129,3101,172.31.1.22,172.31.2.22,DBS,No,Sentry 4,0,,Port 78,Port 1078
RAJDP,RAJDP,RAJDP,232.23.13.20,3101,172.31.1.22,172.31.2.22,NEXTOLOGIES,Yes,Sentry 4,0,,Port 79,Port 1079
RAJM,RAJM,RAJM,232.23.13.22,3101,172.31.1.22,172.31.2.22,NEXTOLOGIES,Yes,Sentry 4,0,,Port 80,Port 1080
RAJN,RAJN,RAJN,232.23.13.21,3101,172.31.1.22,172.31.2.22,NEXTOLOGIES,Yes,Sentry 4,0,,Port 81,Port 1081
RAJTV,RAJTV,RAJTV,232.23.13.19,3101,172.31.1.22,172.31.2.22,NEXTOLOGIES,Yes,Sentry 4,0,,Port 82,Port 1082
OLD_RCNTELO,OLD_RCTV,OLD_RCNTELO,232.168.50.68,3101,172.31.1.32,172.31.2.32,Gilbert IRD,No,Sentry 4,0,,Port 83,Port 1083
RECI,RCORD,RECI,232.168.50.22,3101,172.31.1.32,172.31.2.32,Gilbert IRD,Yes,Sentry 4,0,,Port 84,Port 1084
REELZ,NA,REELZ,232.23.130.48,3101,172.31.1.22,172.31.2.22,DBS,Yes,Sentry 4,0,,Port 85,Port 1085
REVOLT,NA,REVOLT,232.168.50.129,3101,172.31.1.32,172.31.2.32,Gilbert IRD,Yes,Sentry 4,0,,Port 86,Port 1086
RFDHD,RFDTV,RFDHD,232.23.36.96,3101,172.31.1.22,172.31.2.22,DBS,Yes,Sentry 4,0,,Port 87,Port 1087
RGTI,GLOBO,RGTI,232.20.6.74,3101,172.31.1.21,172.31.2.21,DBS,Yes,Sentry 4,0,,Port 88,Port 1088
RIDEHD,NA,RIDEHD,232.168.50.115,3101,172.31.1.32,172.31.2.32,Gilbert IRD,Yes,Sentry 4,0,,Port 89,Port 1089
RISHCIN,RSHCX,RISHCIN,232.20.97.86,3101,172.31.1.21,172.31.2.21,DBS,Yes,Sentry 4,0,,Port 90,Port 1090
RITTVD,RITTV,RITTVD,232.20.94.147,3101,172.31.1.21,172.31.2.21,DBS,Yes,Sentry 4,0,,Port 91,Port 1091
RNGNI,NA,RNGNI,232.70.5.66,1234,172.31.27.23,172.31.28.23,ZIXI,Yes,Sentry 4,0,,Port 92,Port 1092
ROTAFL,NA,ROTAFL,232.23.13.30,3101,172.31.1.24,172.31.2.24,NEXTOLOGIES,Yes,Sentry 4,0,,Port 93,Port 1093
ROTAN,ROTAN,ROTAN,232.23.13.156,3101,172.31.1.21,172.31.2.21,NEXTOLOGIES,Yes,Sentry 4,0,,Port 94,Port 1094
ROTCIN,NA,ROTCIN,232.23.13.33,3101,172.31.1.24,172.31.2.24,NEXTOLOGIES,Yes,Sentry 4,0,,Port 95,Port 1095
ROTCLP,NA,ROTCLP,232.70.1.25,3101,172.31.27.71,172.31.28.71,MX1,Yes,Sentry 4,0,,Port 96,Port 1096
ROTCLS,NA,ROTCLS,232.23.13.36,3101,172.31.1.24,172.31.2.24,NEXTOLOGIES,Yes,Sentry 4,0,,Port 97,Port 1097
ROTDRA,NA,ROTDRA,232.23.13.27,3101,172.31.1.22,172.31.2.22,NEXTOLOGIES,Yes,Sentry 4,0,,Port 98,Port 1098
ROTKHL,NA,ROTKHL,232.23.13.34,3101,172.31.1.24,172.31.2.24,NEXTOLOGIES,Yes,Sentry 4,0,,Port 99,Port 1099
ROTMUS,NA,ROTMUS,232.23.13.35,3101,172.31.1.24,172.31.2.24,NEXTOLOGIES,Yes,Sentry 4,0,,Port 100,Port 1100
ROYTV,ROYTV,ROYTV,232.20.214.64,3101,172.31.1.24,172.31.2.24,Che NEXTOLOGIES,Yes,Sentry 4,0,,Port 101,Port 1101
RSHTY,RSHTY,RSHTY,232.20.214.11,3101,172.31.1.24,172.31.2.24,Che BT Tower,Yes,Sentry 4,0,,Port 102,Port 1102
RTTV,RT,RTTV,232.23.13.154,3101,172.31.1.21,172.31.2.21,Che NEXTOLOGIES,Yes,Sentry 4,0,,Port 103,Port 1103
RURALTV,FMLYN,RURALTV,232.23.37.222,3101,172.31.1.22,172.31.2.22,DBS,Yes,Sentry 4,0,,Port 104,Port 1104
SAB,SAB,SAB,232.20.214.44,3101,172.31.1.24,172.31.2.24,Che VYVX,Yes,Sentry 4,0,,Port 105,Port 1105
SADHNP,NA,SADHNP,232.70.5.68,1234,172.31.27.23,172.31.28.23,ZIXI,Yes,Sentry 4,0,,Port 106,Port 1106
SADHNW,NA,SADHNW,232.70.5.42,1234,172.31.27.23,172.31.28.23,ZIXI,Yes,Sentry 4,0,,Port 107,Port 1107
SADHTV,NA,SADHTV,232.70.5.45,1234,172.31.27.23,172.31.28.23,ZIXI,Yes,Sentry 4,0,,Port 108,Port 1108
SAHARA,SHARA,SAHARA,232.20.214.41,3101,172.31.1.24,172.31.2.24,DBS,Yes,Sentry 4,0,,Port 109,Port 1109
SAKSHI,NA,SAKSHI,232.70.5.77,1234,172.31.27.23,172.31.28.23,ZIXI,Yes,Sentry 4,0,,Port 110,Port 1110
SAT7A,NA,SAT7A,232.23.13.12,3101,172.31.1.22,172.31.2.22,NEXTOLOGIES,Yes,Sentry 4,0,,Port 111,Port 1111
SATSA,NA,SATSA,232.70.5.76,1234,172.31.27.23,172.31.28.23,ZIXI,Yes,Sentry 4,0,,Port 112,Port 1112
SATT7K,NA,SAT7K,232.23.13.13,3101,172.31.1.22,172.31.2.22,NEXTOLOGIES,Yes,Sentry 4,0,,Port 113,Port 1113
SAUDIQ,SAUDIQ,SAUDIQ,232.23.13.157,3101,172.31.1.21,172.31.2.21,NEXTOLOGIES,Yes,Sentry 4,0,,Port 114,Port 1114
SAUDIS,SAUDIS,SAUDIS,232.70.1.35,3101,172.31.27.71,172.31.28.71,MX1,Yes,Sentry 4,0,,Port 115,Port 1115
SBC,NA,SBC,232.23.13.49,3101,172.31.1.24,172.31.2.24,NEXTOLOGIES,Yes,Sentry 4,0,,Port 116,Port 1116
OLD_SCC,STARC,OLD_SCC,232.20.96.51,3101,172.31.1.21,172.31.2.21,DBS,No,Sentry 4,0,,Port 117,Port 1117
SECH,SEC,SECH,232.70.2.15,1234,172.31.27.21,172.31.28.21,ESPN,Yes,Sentry 4,0,,Port 118,Port 1118
SETHHD,SET,SETHHD,232.20.6.215,3101,172.31.1.21,172.31.2.21,DBS,Yes,Sentry 4,0,,Port 119,Port 1119
SETINTL,SETI,SETINTL,232.20.97.202,3101,172.31.1.21,172.31.2.21,DBS,Yes,Sentry 4,0,,Port 120,Port 1120
SETMX,SETMX,SETMX,232.20.214.45,3101,172.31.1.24,172.31.2.24,Che VYVX,Yes,Sentry 4,0,,Port 121,Port 1121
SGBA,SGBA,SGBA,232.20.96.21,3101,172.31.1.21,172.31.2.21,DBS,Yes,Sentry 4,0,,Port 122,Port 1122
SHARNW,NA,SHARNW,232.23.13.53,3101,172.31.1.24,172.31.2.24,Gilbert IRD,Yes,Sentry 4,0,,Port 123,Port 1123
OLD_SHO2,SHOTO,OLD_SHO2,232.168.50.131,3101,172.31.1.31,172.31.2.31,Gilbert IRD,No,Sentry 4,0,,Port 124,Port 1124
OLD_SHOCSE,SHOCS,OLD_SHOCSE,232.168.50.132,3101,172.31.1.31,172.31.2.31,Gilbert IRD,No,Sentry 4,0,,Port 125,Port 1125
SHOFAMHD,NA,SHOFAMHD,232.168.50.112,3101,172.31.1.31,172.31.2.31,Gilbert IRD,Yes,Sentry 4,0,,Port 126,Port 1126
SHOND,NA,SHOND,232.168.50.85,3101,172.31.1.31,172.31.2.31,Gilbert IRD,Yes,Sentry 4,0,,Port 127,Port 1127
SHOW,SHO-E,SHOW,232.168.50.130,3101,172.31.1.31,172.31.2.31,Gilbert IRD,Yes,Sentry 4,0,,Port 128,Port 1128
SHOWBHD,NA,SHOWBHD,232.168.50.81,3101,172.31.1.31,172.31.2.31,Gilbert IRD,Yes,Sentry 4,0,,Port 129,Port 1129
SHOWD,NA,SHOWD,232.168.50.86,3101,172.31.1.31,172.31.2.31,Gilbert IRD,Yes,Sentry 4,0,,Port 130,Port 1130
SHOWXHD,SHOWXHD,SHOWXHD,232.168.50.80,3101,172.31.1.31,172.31.2.31,Gilbert IRD,Yes,Sentry 4,0,,Port 131,Port 1131
SHUBH,NA,SHUBH,232.70.5.73,1234,172.31.27.23,172.31.28.23,ZIXI,Yes,Sentry 4,0,,Port 132,Port 1132
OLD_SIKH,OLD_SIKH,OLD_SIKH,232.70.5.10,1234,172.31.27.23,172.31.28.23,NOBUNDLE,No,Sentry 4,0,,Port 133,Port 1133
SKYLINK,SKLNK,SKYLINK,232.20.97.201,3101,172.31.1.21,172.31.2.21,DBS,Yes,Sentry 4,0,,Port 134,Port 1134
SKYLNK2,SLNK2,SKYLNK2,232.20.97.200,3101,172.31.1.21,172.31.2.21,DBS,Yes,Sentry 4,0,,Port 135,Port 1135
SKYNA,NA,SKYNA,232.23.13.31,3101,172.31.1.24,172.31.2.24,NEXTOLOGIES,Yes,Sentry 4,0,,Port 136,Port 1136
SNEHATV,NA,SNEHATV,232.23.13.17,3101,172.31.1.22,172.31.2.22,NEXTOLOGIES,Yes,Sentry 4,0,,Port 137,Port 1137
SNSKR,SNSKR,SNSKR,232.20.214.17,3101,172.31.1.24,172.31.2.24,Che BT Tower,Yes,Sentry 4,0,,Port 138,Port 1138
SOHAM,NA,SOHAM,232.70.5.46,1234,172.31.27.23,172.31.28.23,ZIXI,Yes,Sentry 4,0,,Port 139,Port 1139
SONYM,SONYM,SONYM,232.20.96.76,3101,172.31.1.21,172.31.2.21,DBS,Yes,Sentry 4,0,,Port 140,Port 1140
SPIKETV,SPIKETV,SPIKETV,232.168.50.99,3101,172.31.1.32,172.31.2.32,Gilbert IRD,Yes,Sentry 4,0,,Port 141,Port 1141
OLD_SPLUS,OLD_STAR+,OLD_SPLUS,232.20.6.216,3101,172.31.1.21,172.31.2.21,DBS,No,Sentry 4,0,,Port 142,Port 1142
OLD_SPMNHD,OLD_SPMAN,OLD_SPMNHD,232.23.36.81,3101,172.31.1.22,172.31.2.22,DBS,No,Sentry 4,0,,Port 143,Port 1143
SPORTP,SPRT+,SPORTP,232.20.97.140,3101,172.31.1.24,172.31.2.24,MX1,Yes,Sentry 4,0,,Port 144,Port 1144
SPTMANHD,NA,SPTMANHD,232.168.50.127,3101,172.31.1.31,172.31.2.31,Gilbert IRD,Yes,Sentry 4,0,,Port 145,Port 1145
SRPPLTV,SIRIP,SRPPLTV,232.20.96.67,3101,172.31.1.21,172.31.2.21,DBS,Yes,Sentry 4,0,,Port 146,Port 1146
SSRASH,SAMAY,SSRASH,232.20.214.40,3101,172.31.1.24,172.31.2.24,DBS,Yes,Sentry 4,0,,Port 147,Port 1147
STARZ,STARZ,STARZ,232.168.50.135,3101,172.31.1.32,172.31.2.32,Gilbert IRD,Yes,Sentry 4,0,,Port 148,Port 1148
STARZP,NA,STARZP,232.168.50.140,3101,172.31.1.32,172.31.2.32,Gilbert IRD,Yes,Sentry 4,0,,Port 149,Port 1149
STO38,STO38,STO38,232.23.34.38,3101,172.31.1.22,172.31.2.22,Gilbert MCR,Yes,Sentry 4,0,,Port 150,Port 1150
STOHD,STO,STOHD,232.23.38.98,3101,172.31.1.23,172.31.2.23,DBS,Yes,Sentry 4,0,,Port 151,Port 1151
STZC,NA,STZC,232.168.50.138,3101,172.31.1.32,172.31.2.32,Gilbert IRD,Yes,Sentry 4,0,,Port 152,Port 1152
STZE,NA,STZE,232.168.50.137,3101,172.31.1.32,172.31.2.32,Gilbert IRD,Yes,Sentry 4,0,,Port 153,Port 1153
STZK,NA,STZK,232.168.50.136,3101,172.31.1.32,172.31.2.32,Gilbert IRD,Yes,Sentry 4,0,,Port 154,Port 1154
OLD_SUDDI,NA,OLD_SUDDI,232.70.5.75,1234,172.31.27.23,172.31.28.23,NOBUNDLE,No,Sentry 4,0,,Port 155,Port 1155
SUN39,SUN39,SUN39,232.23.34.39,3101,172.31.1.22,172.31.2.22,Gilbert MCR,Yes,Sentry 4,0,,Port 156,Port 1156
SUN40,SUN40,SUN40,232.23.34.40,3101,172.31.1.22,172.31.2.22,Gilbert MCR,Yes,Sentry 4,0,,Port 157,Port 1157
SUNHD,SUN,SUNHD,232.23.39.186,3101,172.31.1.23,172.31.2.23,DBS,Yes,Sentry 4,0,,Port 158,Port 1158
SUNMTV,SUNM,SUNMTV,232.20.95.77,3101,172.31.1.21,172.31.2.21,DBS,Yes,Sentry 4,0,,Port 159,Port 1159
SUNSTR,SUND,SUNSTR,232.70.2.74,1234,172.31.27.23,172.31.28.23,AMC_,Yes,Sentry 4,0,,Port 160,Port 1160
SUNTV,SUNTV,SUNTV,232.20.97.118,3101,172.31.1.21,172.31.2.21,DBS,Yes,Sentry 4,0,,Port 161,Port 1161
SUPCA,SUPCA,SUPCA,232.168.50.119,3101,172.31.1.32,172.31.2.32,Gilbert IRD,Yes,Sentry 4,0,,Port 162,Port 1162
SUPERNE,SUPERNE,SUPERNE,232.70.5.2,1234,172.31.27.23,172.31.28.23,CONDISTA,Yes,Sentry 4,0,,Port 163,Port 1163
SUR,NA,SUR,232.168.50.94,3101,172.31.1.32,172.31.2.32,Gilbert IRD,Yes,Sentry 4,0,,Port 164,Port 1164
SURYA,SURYA,SURYA,232.20.96.53,3101,172.31.1.21,172.31.2.21,DBS,Yes,Sentry 4,0,,Port 165,Port 1165
SVBC,SVBC,SVBC,232.23.13.18,3101,172.31.1.22,172.31.2.22,NEXTOLOGIES,Yes,Sentry 4,0,,Port 166,Port 1166
LUBEL,LUBEL,LUBEL,232.23.13.138,3101,172.31.1.24,172.31.2.24,NEXTOLOGIES,Yes,Sentry 4,0,,Port 167,Port 1167
SPORTO,SPORTO,SPORTO,232.23.13.143,3101,172.31.1.24,172.31.2.24,NEXTOLOGIES,Yes,Sentry 4,0,,Port 168,Port 1168
TOTV,TOTV,TOTV,232.23.13.145,3101,172.31.1.24,172.31.2.24,NEXTOLOGIES,Yes,Sentry 4,0,,Port 169,Port 1169
STARST,STARST,STARST,232.23.13.144,3101,172.31.1.24,172.31.2.24,NEXTOLOGIES,Yes,Sentry 4,0,,Port 170,Port 1170
REDCH,REDCH,REDCH,232.23.13.142,3101,172.31.1.24,172.31.2.24,NEXTOLOGIES,Yes,Sentry 4,0,,Port 171,Port 1171
TWOJA,TWOJA,TWOJA,232.23.13.146,3101,172.31.1.24,172.31.2.24,NEXTOLOGIES,Yes,Sentry 4,0,,Port 172,Port 1172
ITVS,ITVS,ITVS,232.23.13.136,3101,172.31.1.24,172.31.2.24,NEXTOLOGIES,Yes,Sentry 4,0,,Port 173,Port 1173
CH13,CH13,CH13,232.23.13.132,3101,172.31.1.24,172.31.2.24,NEXTOLOGIES,Yes,Sentry 4,0,,Port 174,Port 1174
HOPEC,HOPEC,HOPEC,232.23.13.135,3101,172.31.1.24,172.31.2.24,NEXTOLOGIES,Yes,Sentry 4,0,,Port 175,Port 1175
LOVETV,LOVETV,LOVETV,232.23.13.137,3101,172.31.1.24,172.31.2.24,NEXTOLOGIES,Yes,Sentry 4,0,,Port 176,Port 1176
TOPKID,TOPKID,TOPKID,232.23.13.147,3101,172.31.1.24,172.31.2.24,NEXTOLOGIES,Yes,Sentry 4,0,,Port 177,Port 1177
NUTATV,NUTATV,NUTATV,232.23.13.140,3101,172.31.1.24,172.31.2.24,NEXTOLOGIES,Yes,Sentry 4,0,,Port 178,Port 1178
POWER,POWER,POWER,232.23.13.141,3101,172.31.1.24,172.31.2.24,NEXTOLOGIES,Yes,Sentry 4,0,,Port 179,Port 1179
ALARAB,ALARAB,ALARAB,232.23.13.133,3101,172.31.1.24,172.31.2.24,NEXTOLOGIES,Yes,Sentry 4,0,,Port 180,Port 1180
DESICH,DESICH,DESICH,232.23.13.148,3101,172.31.1.24,172.31.2.24,NEXTOLOGIES,Yes,Sentry 4,0,,Port 181,Port 1181
SANJH,SANJH,SANJH,232.23.13.151,3101,172.31.1.24,172.31.2.24,NEXTOLOGIES,Yes,Sentry 4,0,,Port 182,Port 1182
ONLYM,ONLYM,ONLYM,232.23.13.150,3101,172.31.1.24,172.31.2.24,NEXTOLOGIES,Yes,Sentry 4,0,,Port 183,Port 1183
NEWSO,NEWSO,NEWSO,232.23.13.139,3101,172.31.1.24,172.31.2.24,NEXTOLOGIES,Yes,Sentry 4,0,,Port 184,Port 1184
FATEH,FATEH,FATEH,232.23.13.149,3101,172.31.1.24,172.31.2.24,NEXTOLOGIES,Yes,Sentry 4,0,,Port 185,Port 1185
IPTTV,IPTTV,IPTTV,232.23.131.16,3101,172.31.1.24,172.31.2.24,DBS,Yes,Sentry 4,0,,Port 186,Port 1186
OLD_SVJAY,OLD_VIJAY,OLD_SVJAY,232.20.94.130,3101,172.31.1.21,172.31.2.21,DBS,No,Sentry 5,0,,Port 0,Port 1000
SYFYHD,SYFY,SYFYHD,232.70.2.104,1234,172.31.27.22,172.31.28.22,NBC,Yes,Sentry 5,0,,Port 1,Port 1001
SZTV,SZTV,SZTV,232.20.96.41,3101,172.31.1.21,172.31.2.21,DBS,Yes,Sentry 5,0,,Port 2,Port 1002
TARAB,TARAB,TARAB,232.20.97.130,3101,172.31.1.21,172.31.2.21,DBS,Yes,Sentry 5,0,,Port 3,Port 1003
TARANG,NA,TARANG,232.70.5.53,1234,172.31.27.23,172.31.28.23,ZIXI,Yes,Sentry 5,0,,Port 4,Port 1004
TARANGM,NA,TARANGM,232.70.5.55,1234,172.31.27.23,172.31.28.23,ZIXI,Yes,Sentry 5,0,,Port 5,Port 1005
TBSHD,TBS,TBSHD,232.168.50.40,3101,172.31.1.32,172.31.2.32,Gilbert IRD,Yes,Sentry 5,0,,Port 6,Port 1006
TCMHD,TCM,TCMHD,232.168.50.41,3101,172.31.1.32,172.31.2.32,Gilbert IRD,Yes,Sentry 5,0,,Port 7,Port 1007
TELEFEHD,NA,TELEFEHD,232.168.50.77,3101,172.31.1.31,172.31.2.31,Gilbert IRD,Yes,Sentry 5,0,,Port 8,Port 1008
OLD_TELEROM,OLD_TELEROM,OLD_TELEROM,232.70.4.2,1234,172.31.27.23,172.31.28.23,LTN,No,Sentry 5,0,,Port 9,Port 1009
TELEUNI,NA,TELEUNI,232.168.50.71,3101,172.31.1.31,172.31.2.31,Gilbert IRD,Yes,Sentry 5,0,,Port 10,Port 1010
OLD_TELIB,OLD_TELIB,OLD_TELIB,232.70.1.28,3101,172.31.27.71,172.31.28.71,ZIXI,No,Sentry 5,0,,Port 11,Port 1011
OLD_TELUG,OLD_ETVTE,OLD_TELUG,232.20.94.142,3101,172.31.1.21,172.31.2.21,DBS,No,Sentry 5,0,,Port 12,Port 1012
TENEGYP,10EGY,TENEGYP,232.23.13.57,3101,172.31.1.24,172.31.2.24,NEXTOLOGIES,Yes,Sentry 5,0,,Port 13,Port 1013
TFORM,TFORM,TFORM,232.23.36.84,3101,172.31.1.22,172.31.2.22,DBS,Yes,Sentry 5,0,,Port 14,Port 1014
OLD_THITUS,OLD_TLHIT,OLD_THITUS,232.23.37.207,3101,172.31.1.22,172.31.2.22,DBS,No,Sentry 5,0,,Port 15,Port 1015
TIMES,TIMES,TIMES,232.20.214.15,3101,172.31.1.24,172.31.2.24,Che BT Tower,Yes,Sentry 5,0,,Port 16,Port 1016
TIVI5,TIVI5,TIVI5,232.70.5.63,1234,172.31.27.23,172.31.28.23,ZIXI,Yes,Sentry 5,0,,Port 17,Port 1017
TMICRO,TMICRO,TMICRO,232.168.50.17,3101,172.31.1.31,172.31.2.31,Gilbert IRD,Yes,Sentry 5,0,,Port 18,Port 1018
TNCKHD,TNCK,TNCKHD,232.168.50.50,3101,172.31.1.31,172.31.2.31,Gilbert IRD,Yes,Sentry 5,0,,Port 19,Port 1019
TNTHD,TNT,TNTHD,232.168.50.37,3101,172.31.1.32,172.31.2.32,Gilbert IRD,Yes,Sentry 5,0,,Port 20,Port 1020
TODO,NA,TODO,232.168.50.142,3101,172.31.1.32,172.31.2.32,Gilbert IRD,Yes,Sentry 5,0,,Port 21,Port 1021
TOONHD,TOON,TOONHD,232.168.50.38,3101,172.31.1.32,172.31.2.32,Gilbert IRD,Yes,Sentry 5,0,,Port 22,Port 1022
TOTALTV,NA,TOTALTV,232.70.5.40,1234,172.31.27.23,172.31.28.23,ZIXI,Yes,Sentry 5,0,,Port 23,Port 1023
OLD_TOYBB,NA,OLD_TOYBB,239.23.13.57,3100,172.31.1.24,172.31.2.24,NEXTOLOGIES,No,Sentry 5,0,,Port 24,Port 1024
TRACEE,TRACE,TRACEE,232.20.98.138,3101,172.31.1.21,172.31.2.21,DBS,Yes,Sentry 5,0,,Port 25,Port 1025
TRAVHD,TRV,TRAVHD,232.168.50.3,3101,172.31.1.31,172.31.2.31,Gilbert IRD,Yes,Sentry 5,0,,Port 26,Port 1026
TRCSPSI,TRSPO,TRCSPSI,232.20.97.179,3101,172.31.1.21,172.31.2.21,DBS,Yes,Sentry 5,0,,Port 27,Port 1027
TRECE,NA,TRECE,232.168.50.141,3101,172.31.1.32,172.31.2.32,Gilbert IRD,Yes,Sentry 5,0,,Port 28,Port 1028
TRIT,NA,TRIT,232.168.50.74,3101,172.31.1.31,172.31.2.31,Gilbert IRD,Yes,Sentry 5,0,,Port 29,Port 1029
TRUTVHD,TRU,TRUTVHD,232.168.50.42,3101,172.31.1.32,172.31.2.32,Gilbert IRD,Yes,Sentry 5,0,,Port 30,Port 1030
TTV,TTV,TTV,232.20.97.197,3101,172.31.1.21,172.31.2.21,DBS,Yes,Sentry 5,0,,Port 31,Port 1031
TUNES6S,NA,TUNES6S,232.70.5.58,1234,172.31.27.23,172.31.28.23,ZIXI,Yes,Sentry 5,0,,Port 32,Port 1032
TUNIS1,NA,TUNIS1,232.23.13.6,3101,172.31.1.22,172.31.2.22,NEXTOLOGIES,Yes,Sentry 5,0,,Port 33,Port 1033
TUNIS2,TUNIS2,TUNIS2,232.70.1.65,3101,172.31.27.71,172.31.28.71,MX1,Yes,Sentry 5,0,,Port 34,Port 1034
TV2000,TV2KI,TV2000,232.20.97.80,3101,172.31.1.21,172.31.2.21,DBS,Yes,Sentry 5,0,,Port 35,Port 1035
TV5MINF,NA,TV5MINF,232.70.5.62,1234,172.31.27.23,172.31.28.23,ZIXI,Yes,Sentry 5,0,,Port 36,Port 1036
TV5MND,NA,TV5MND,232.20.5.144,3101,172.31.1.24,172.31.2.24,DBS,Yes,Sentry 5,0,,Port 37,Port 1037
TV5MSTY,NA,TV5MSTY,232.70.5.61,1234,172.31.27.23,172.31.28.23,ZIXI,Yes,Sentry 5,0,,Port 38,Port 1038
TV5NW,TV5NW,TV5NW,232.20.97.142,3101,172.31.1.21,172.31.2.21,DBS,Yes,Sentry 5,0,,Port 39,Port 1039
TV9,TV9,TV9,232.20.214.39,3101,172.31.1.24,172.31.2.24,DBS,Yes,Sentry 5,0,,Port 40,Port 1040
OLD_TV9TE,OLD_TV9TE,OLD_TV9TE,232.20.97.114,3101,172.31.1.21,172.31.2.21,NOBUNDLE,No,Sentry 5,0,,Port 41,Port 1041
TVATEL,NA,TVATEL,232.70.5.69,1234,172.31.27.23,172.31.28.23,ZIXI,Yes,Sentry 5,0,,Port 42,Port 1042
TVB1,TVB1,TVB1,232.20.98.166,3101,172.31.1.21,172.31.2.21,DBS,Yes,Sentry 5,0,,Port 43,Port 1043
TVB2,TVB2,TVB2,232.20.98.168,3101,172.31.1.21,172.31.2.21,DBS,Yes,Sentry 5,0,,Port 44,Port 1044
TVB8,TVB8,TVB8,232.20.94.13,3101,172.31.1.21,172.31.2.21,DBS,Yes,Sentry 5,0,,Port 45,Port 1045
TVBDRA,TVBD,TVBDRA,232.20.98.176,3101,172.31.1.21,172.31.2.21,DBS,Yes,Sentry 5,0,,Port 46,Port 1046
TVBE,TVBE,TVBE,232.20.98.175,3101,172.31.1.21,172.31.2.21,DBS,Yes,Sentry 5,0,,Port 47,Port 1047
TVBHD,TVBHD,TVBHD,232.20.6.205,3101,172.31.1.21,172.31.2.21,DBS,Yes,Sentry 5,0,,Port 48,Port 1048
TVBOL,NA,TVBOL,232.70.5.3,1234,172.31.27.23,172.31.28.23,ZIXI,Yes,Sentry 5,0,,Port 49,Port 1049
TVBS,TVBS,TVBS,232.20.94.80,3101,172.31.1.21,172.31.2.21,DBS,Yes,Sentry 5,0,,Port 50,Port 1050
OLD_TVBV,NA,OLD_TVBV,232.168.50.88,3101,172.31.1.21,172.31.2.21,VYVX,No,Sentry 5,0,,Port 51,Port 1051
TVEA2,TVEI,TVEA2,232.23.37.196,3101,172.31.1.21,172.31.2.21,DBS,Yes,Sentry 5,0,,Port 52,Port 1052
TVLNDHD,TVLNDHD,TVLNDHD,232.168.50.51,3101,172.31.1.31,172.31.2.31,Gilbert IRD,Yes,Sentry 5,0,,Port 53,Port 1053
TVN24,TVN24,TVN24,232.70.6.172 ,1234,172.31.27.23,172.31.28.23,TATA,Yes,Sentry 5,0,,Port 54,Port 1054
TVONEGL,TVONE,TVONEGL,232.20.214.38,3101,172.31.1.24,172.31.2.24,DBS,Yes,Sentry 5,0,,Port 55,Port 1055
TVPEARL,TVBP,TVPEARL,232.20.98.148,3101,172.31.1.21,172.31.2.21,DBS,Yes,Sentry 5,0,,Port 56,Port 1056
TVQUIS,TVQUIS,TVQUIS,232.70.5.14,1234,172.31.27.23,172.31.28.23,ZIXI,Yes,Sentry 5,0,,Port 57,Port 1057
TVREPPL,NA,TVREPPL,232.23.13.48,3101,172.31.1.24,172.31.2.24,NEXTOLOGIES,Yes,Sentry 5,0,,Port 58,Port 1058
TVVEN,NA,TVVEN,232.168.50.93,3101,172.31.1.32,172.31.2.32,Gilbert IRD,Yes,Sentry 5,0,,Port 59,Port 1059
TYCHD,TYCHD,TYCHD,232.168.50.7,3101,172.31.1.31,172.31.2.31,Gilbert IRD,Yes,Sentry 5,0,,Port 60,Port 1060
UBN,UBN,UBN,232.20.97.178,3101,172.31.1.21,172.31.2.21,DBS,Yes,Sentry 5,0,,Port 61,Port 1061
UDAYA,UDAYA,UDAYA,232.20.96.169,3101,172.31.1.21,172.31.2.21,DBS,Yes,Sentry 5,0,,Port 62,Port 1062
UNIHD,UNVSN,UNIHD,232.23.41.165,3101,172.31.1.22,172.31.2.22,DBS,Yes,Sentry 5,0,,Port 63,Port 1063
UNVSOHD,UNVSO,UNVSOHD,232.70.2.108,1234,172.31.27.22,172.31.28.22,NBC,Yes,Sentry 5,0,,Port 64,Port 1064
USAHD,USA,USAHD,232.70.2.103,1234,172.31.27.22,172.31.28.22,NBC,Yes,Sentry 5,0,,Port 65,Port 1065
VAANI,NA,VAANI,232.70.5.71,1234,172.31.27.23,172.31.28.23,ZIXI,Yes,Sentry 5,0,,Port 66,Port 1066
VH1,VH1,VH1,232.168.50.100,3101,172.31.1.32,172.31.2.32,Gilbert IRD,Yes,Sentry 5,0,,Port 67,Port 1067
OLD_VIBRANT,NA,OLD_VIBRANT,232.70.5.81,1234,172.31.27.23,172.31.28.23,ZIXI,No,Sentry 5,0,,Port 68,Port 1068
VICEHD,VICE,VICEHD,232.70.3.4,1234,172.31.27.21,172.31.28.21,AandE,Yes,Sentry 5,0,,Port 69,Port 1069
VKIDS,NA,VKIDS,232.168.50.82,3101,172.31.1.31,172.31.2.31,Gilbert IRD,Yes,Sentry 5,0,,Port 70,Port 1070
VROLA,NA,VROLA,232.168.50.87,3101,172.31.1.31,172.31.2.31,Gilbert IRD,Yes,Sentry 5,0,,Port 71,Port 1071
WAGADT,WAGA,WAGADT,232.31.9.4,3101,172.31.1.23,172.31.2.23,LOCALS,Yes,Sentry 5,AC3,1:AC3 2:san,Port 72,Port 1072
WAMI,WAMI,WAMI,232.31.125.11,3101,172.31.1.23,172.31.2.23,LOCALS,Yes,Sentry 5,AC3,1:AC3 2:san,Port 73,Port 1073
OLD_WBKODT,OLD_WBKOD,OLD_WBKODT,232.31.25.9,3101,172.31.1.22,172.31.2.22,NOBUNDLE,No,Sentry 5,0,N/A,Port 74,Port 1074
WBTS,NA,WBTS,232.70.2.161,1234,172.31.27.22,172.31.28.22,NBC,Yes,Sentry 5,AC3,"1:AC3 2:AAC,eng",Port 75,Port 1075
WCAUDT,WCAU,WCAUDT,232.70.2.154,1234,172.31.27.22,172.31.28.22,NBC,Yes,Sentry 5,AC3,"1:AC3 2:AAC,eng",Port 76,Port 1076
WETVSTR,WE,WETVSTR,232.70.2.72,1234,172.31.27.23,172.31.28.23,AMC_,Yes,Sentry 5,1,"1:AC3,5.1 2:AC3,1.0",Port 77,Port 1077
WFDC,WFDC,WFDC,232.31.203.10,3101,172.31.1.23,172.31.2.23,LOCALS,Yes,Sentry 5,AC3,1:AC3 2:san,Port 78,Port 1078
WFLDDT,WFLD,WFLDDT,232.31.224.4,3101,172.31.1.23,172.31.2.23,LOCALS,Yes,Sentry 5,AC3,1:san 2:AC3,Port 79,Port 1079
WFNUSHD,WFN,WFNUSHD,232.168.50.83,3101,172.31.1.31,172.31.2.31,Gilbert IRD,Yes,Sentry 5,AC3,"1:AC3 2:Audio, 2.0",Port 80,Port 1080
WFTT,WFTT,WFTT,232.31.190.10,3101,172.31.1.23,172.31.2.23,LOCALS,Yes,Sentry 5,AC3,1:san 2:AC3,Port 81,Port 1081
WFUTDT,WFUTDT,WFUTDT,232.31.136.7,3101,172.31.1.23,172.31.2.23,LOCALS,Yes,Sentry 5,AC3,1:san 2:AC3,Port 82,Port 1082
WGBO,WGBO,WGBO,232.31.224.9,3101,172.31.1.23,172.31.2.23,LOCALS,Yes,Sentry 5,AC3,1:san 2:AC3,Port 83,Port 1083
WILXTRA,NA,WILXTRA,232.70.5.145,1234,172.31.27.23,172.31.28.23,ZIXI,Yes,Sentry 5,0,1 audio pid,Port 84,Port 1084
OLD_WILXTRA-IPL,OLD_WILXTRA-IPL,OLD_WILXTRA-IPL,232.0.0.1,1234,172.31.27.23,172.31.28.23,NOBUNDLE,No,Sentry 5,0,N/A,Port 85,Port 1085
WJBKDT,WJBK,WJBKDT,232.31.55.24,3101,172.31.1.23,172.31.2.23,LOCALS,Yes,Sentry 5,AC3,1:AC3 2:san,Port 86,Port 1086
WJZYDT,WJZY,WJZYDT,232.31.34.4,3101,172.31.1.23,172.31.2.23,LOCALS,Yes,Sentry 5,AC3,1:AC3 2:san,Port 87,Port 1087
WLII,WLII,WLII,232.31.174.10,3101,172.31.1.23,172.31.2.23,LOCALS,Yes,Sentry 5,AC3,1: AC3 ,Port 88,Port 1088
WLLOHD,WLLOW,WLLOHD,232.70.5.146,1234,172.31.27.23,172.31.28.23,ZIXI,Yes,Sentry 5,0,1:AAC 2.0,Port 89,Port 1089
OLD_WLLOHD-IPL,OLD_WLLOHD-IPL,OLD_WLLOHD-IPL,232.0.0.2,1234,172.31.27.23,172.31.28.23,NOBUNDLE,No,Sentry 5,0,N/A,Port 90,Port 1090
WLTV,WLTV,WLTV,232.31.125.9,3101,172.31.1.23,172.31.2.23,LOCALS,Yes,Sentry 5,AC3,1:AC3 2:san,Port 91,Port 1091
WLZEDT,WLZE,WLZEDT,232.31.68.30,3101,172.31.1.23,172.31.2.23,LOCALS,Yes,Sentry 5,0,"1: Audio 2.0, eng",Port 92,Port 1092
WMAQDT,WMAQ,WMAQDT,232.70.2.157,1234,172.31.27.22,172.31.28.22,NBC,Yes,Sentry 5,AC3,"1:AC3, 2:AAC,eng",Port 93,Port 1093
WNBCDT,WNBC,WNBCDT,232.70.2.151,1234,172.31.27.22,172.31.28.22,NBC,Yes,Sentry 5,AC3,"1:AC3, 2:AAC,eng",Port 94,Port 1094
WNYWDT,WNYW,WNYWDT,232.31.136.4,3101,172.31.1.23,172.31.2.23,LOCALS,Yes,Sentry 5,AC3,1:san 2:AC3,Port 95,Port 1095
WOFLDT,WOFL,WOFLDT,232.31.143.4,3101,172.31.1.23,172.31.2.23,LOCALS,Yes,Sentry 5,AC3,1:AC3 2:san,Port 96,Port 1096
WOGXDT,WOGX,WOGXDT,232.31.72.13,3101,172.31.1.23,172.31.2.23,LOCALS,Yes,Sentry 5,AC3,1:AC3,Port 97,Port 1097
WOTF,WOTF,WOTF,232.31.143.10,3101,172.31.1.23,172.31.2.23,LOCALS,Yes,Sentry 5,AC3,1:AC3 2:san,Port 98,Port 1098
WQHS,WQHS,WQHS,232.31.42.9,3101,172.31.1.23,172.31.2.23,LOCALS,Yes,Sentry 5,AC3,1:AC3 2:san,Port 99,Port 1099
WRCDT,WRC,WRCDT,232.70.2.155,1234,172.31.27.22,172.31.28.22,NBC,Yes,Sentry 5,AC3,"1:AC3, 2:AAC,eng",Port 100,Port 1100
OLD_WRGTDT,OLD_WRGT,OLD_WRGTDT,232.31.52.4,3101,172.31.1.24,172.31.2.24,NOBUNDLE,No,Sentry 5,0,N/A,Port 101,Port 1101
WTTGDT,WTTG,WTTGDT,232.31.203.4,3101,172.31.1.23,172.31.2.23,LOCALS,Yes,Sentry 5,AC3,1:AC3 2:san,Port 102,Port 1102
WTVJDT,WTVJ,WTVJDT,232.70.2.152,1234,172.31.27.22,172.31.28.22,NBC,Yes,Sentry 5,AC3,"1:AC3, 2:AAC,eng",Port 103,Port 1103
WTVT,WTVT,WTVT,232.31.190.4,3101,172.31.1.23,172.31.2.23,LOCALS,Yes,Sentry 5,AC3,1:san 2:AC3,Port 104,Port 1104
WTXFDT,WTXF,WTXFDT,232.31.150.4,3101,172.31.1.23,172.31.2.23,LOCALS,Yes,Sentry 5,AC3,1:AC3 2:san,Port 105,Port 1105
WUNI,WUNI,WUNI,232.31.24.137,3101,172.31.1.23,172.31.2.23,LOCALS,Yes,Sentry 5,AC3,1:AC3 2:san,Port 106,Port 1106
WUTF,WUTF,WUTF,232.31.24.139,3101,172.31.1.23,172.31.2.23,LOCALS,Yes,Sentry 5,AC3,1:AC3 2:san,Port 107,Port 1107
WUVC,WUVC,WUVC,232.31.158.10,3101,172.31.1.23,172.31.2.23,LOCALS,Yes,Sentry 5,AC3,1:san 2:AC3,Port 108,Port 1108
WUVG,WUVG,WUVG,232.31.9.9,3101,172.31.1.23,172.31.2.23,LOCALS,Yes,Sentry 5,AC3,1:AC3 2:san,Port 109,Port 1109
WUVN,WUVN,WUVN,232.31.86.8,3101,172.31.1.23,172.31.2.23,LOCALS,Yes,Sentry 5,AC3,1:AC3 2:san,Port 110,Port 1110
WUVP,WUVP,WUVP,232.31.150.9,3101,172.31.1.23,172.31.2.23,LOCALS,Yes,Sentry 5,AC3,1:AC3 2:san,Port 111,Port 1111
WVEA,WVEA,WVEA,232.31.190.9,3101,172.31.1.23,172.31.2.23,LOCALS,Yes,Sentry 5,AC3,1:san 2:AC3,Port 112,Port 1112
WVEN,WVEN,WVEN,232.31.143.9,3101,172.31.1.23,172.31.2.23,LOCALS,Yes,Sentry 5,AC3,1:san 2:AC3,Port 113,Port 1113
WVITDT,WVIT,WVITDT,232.70.2.153,1234,172.31.27.22,172.31.28.22,NBC,Yes,Sentry 5,AC3,"1:AC3, 2:AAC,eng",Port 114,Port 1114
WXFT,WXFT,WXFT,232.31.224.8,3101,172.31.1.23,172.31.2.23,LOCALS,Yes,Sentry 5,AC3,1:san 2:AC3,Port 115,Port 1115
WXTV,WXTV,WXTV,232.31.136.8,3101,172.31.1.23,172.31.2.23,LOCALS,Yes,Sentry 5,AC3,1:san 2:AC3,Port 116,Port 1116
PPV3,NA,PPV3,232.23.36.58,3101,172.31.1.22,172.31.2.22,Gilbert MCR,Yes,Sentry 5,AC3,"1:AC3 2:Audio, 2.0",Port 117,Port 1117
YEMTV,YEMTV,YEMTV,232.70.1.55,3101,172.31.27.71,172.31.28.71,MX1,Yes,Sentry 5,0,1 audio pid,Port 118,Port 1118
YESBOHD,YESBOHD,YESBOHD,232.168.50.45,3101,172.31.1.31,172.31.2.31,Gilbert IRD,Yes,Sentry 5,1,"1:AC3,5.1 2:AC3,1.1,spa",Port 119,Port 1119
YESHDNY,YESHDNY,YESHDNY,232.168.50.44,3101,172.31.1.31,172.31.2.31,Gilbert IRD,Yes,Sentry 5,1,"1:AC3,5.1 2:AC3,1.1,spa",Port 120,Port 1120
YOYO,YOYO,YOYO,232.20.97.98,3101,172.31.1.21,172.31.2.21,DBS,Yes,Sentry 5,0,1 audio pid,Port 121,Port 1121
ZAFLAM,NA,ZAFLAM,232.20.96.150,3101,172.31.1.21,172.31.2.21,DBS,Yes,Sentry 5,0,1 audio pid,Port 122,Port 1122
ZALWAN,NA,ZALWAN,232.20.96.86,3101,172.31.1.21,172.31.2.21,DBS,Yes,Sentry 5,0,1 audio pid,Port 123,Port 1123
ZBNGL,ZBNGL,ZBNGL,232.20.96.151,3101,172.31.1.21,172.31.2.21,DBS,Yes,Sentry 5,0,1 audio pid,Port 124,Port 1124
ZBUSN,NA,ZBUSN,232.70.6.108,1234,172.31.27.22,172.31.28.22,TATA,Yes,Sentry 5,0,1 audio pid,Port 125,Port 1125
ZCIN,ZCINE,ZCIN,232.20.97.51,3101,172.31.1.21,172.31.2.21,DBS,Yes,Sentry 5,0,1 audio pid,Port 126,Port 1126
ZEEANM,NA,ZEEANM,232.70.6.106,1234,172.31.27.22,172.31.28.22,TATA,Yes,Sentry 5,0,1 audio pid,Port 127,Port 1127
ZEECBIN,ZEECBIN,ZEECBIN,232.70.6.107,1234,172.31.27.22,172.31.28.22,TATA,Yes,Sentry 5,0,1 audio pid,Port 128,Port 1128
ZEEBOLL,NA,ZEEBOLL,232.70.6.118,1234,172.31.27.22,172.31.28.22,TATA,Yes,Sentry 5,1,1:Audio2.0 2:Audio2.0,Port 129,Port 1129
ZEECINH,NA,ZEECINH,232.70.6.117,1234,172.31.27.22,172.31.28.22,TATA,Yes,Sentry 5,1,1:Audio2.0 2:Audio2.0,Port 130,Port 1130
ZEECL,NA,ZEECL,232.70.6.109,1234,172.31.27.22,172.31.28.22,TATA,Yes,Sentry 5,1,1:Audio2.0 2:Audio2.0,Port 131,Port 1131
ZEEKA,ZEEKA,ZEEKA,232.20.97.83,3101,172.31.1.21,172.31.2.21,DBS,Yes,Sentry 5,0,1 audio pid,Port 132,Port 1132
ZEEKAL,NA,ZEEKAL,232.70.6.110,1234,172.31.27.22,172.31.28.22,TATA,Yes,Sentry 5,1,1:Audio2.0 2:Audio2.0,Port 133,Port 1133
ZEEMAR,NA,ZEEMAR,232.70.6.114,1234,172.31.27.22,172.31.28.22,TATA,Yes,Sentry 5,1,1:Audio2.0 2:Audio2.0,Port 134,Port 1134
ZEEMPC,NA,ZEEMPC,232.70.6.111,1234,172.31.27.22,172.31.28.22,TATA,Yes,Sentry 5,1,1:Audio2.0 2:Audio2.0,Port 135,Port 1135
ZEEMR,ZEEMR,ZEEMR,232.20.96.17,3101,172.31.1.21,172.31.2.21,DBS,Yes,Sentry 5,0,1 audio pid,Port 136,Port 1136
ZEEMUN,ZESPN,ZEEMUN,232.23.39.240,3101,172.31.1.21,172.31.2.21,DBS,Yes,Sentry 5,0,1 audio pid,Port 137,Port 1137
ZEEPUNJ,NA,ZEEPUNJ,232.70.6.112,1234,172.31.27.22,172.31.28.22,TATA,Yes,Sentry 5,1,1:Audio2.0 2:Audio2.0,Port 138,Port 1138
ZEEPUR,NA,ZEEPUR,232.70.6.113,1234,172.31.27.22,172.31.28.22,TATA,Yes,Sentry 5,1,1:Audio2.0 2:Audio2.0,Port 139,Port 1139
ZEES,ZSALM,ZEES,232.20.96.152,3101,172.31.1.21,172.31.2.21,DBS,Yes,Sentry 5,0,1 audio pid,Port 140,Port 1140
ZEESAR,NA,ZEESAR,232.70.6.105,1234,172.31.27.22,172.31.28.22,TATA,Yes,Sentry 5,0,1 audio pid,Port 141,Port 1141
ZEETALK,NA,ZEETALK,232.70.6.116,1234,172.31.27.22,172.31.28.22,TATA,Yes,Sentry 5,1,1:Audio2.0 2:Audio2.0,Port 142,Port 1142
ZEETAML,NA,ZEETAML,232.70.6.101,1234,172.31.27.22,172.31.28.22,TATA,Yes,Sentry 5,0,1 audio pid,Port 143,Port 1143
ZEETE,ZEETE,ZEETE,232.20.98.174,3101,172.31.1.21,172.31.2.21,DBS,Yes,Sentry 5,0,1 audio pid,Port 144,Port 1144
ZEETVH,ZEETV,ZEETVH,232.20.6.142,3101,172.31.1.21,172.31.2.21,DBS,Yes,Sentry 5,0,1 audio pid,Port 145,Port 1145
ZINGUSA,ZING,ZINGUSA,232.20.97.43,3101,172.31.1.21,172.31.2.21,DBS,Yes,Sentry 5,0,1 audio pid,Port 146,Port 1146
ZJTV,NA,ZJTV,232.20.97.204,3101,172.31.1.21,172.31.2.21,DBS,Yes,Sentry 5,0,1 audio pid,Port 147,Port 1147
ZOOMUSA,NA,ZOOMUSA,232.20.214.14,3101,172.31.1.24,172.31.2.24,Che BT Tower,Yes,Sentry 5,0,1 audio pid,Port 148,Port 1148
ZSMILE,NA,ZSMILE,232.70.6.115,1234,172.31.27.22,172.31.28.22,TATA,Yes,Sentry 5,1,1:Audio2.0 2:Audio2.0,Port 149,Port 1149
DOGTV,NA,DOGTV,232.70.5.160,1234,172.31.27.23,172.31.28.23,ZIXI,Yes,Sentry 5,0,1 audio pid,Port 150,Port 1150
DISC,DISC,DISC,232.70.17.12,1234,172.31.27.23,172.31.28.23,TATA,Yes,Sentry 5,1,"1:AC3,5.1 2:AC3,spa 3:AC3,eng",Port 151,Port 1151
TLC,TLC,TLC,232.70.17.13,1234,172.31.27.23,172.31.28.23,TATA,Yes,Sentry 5,1,"1:AC3,5.1 2:AC3,spa 3:AC3,eng",Port 152,Port 1152
MTRTND,MTRTND,MTRTND,232.70.17.8,1234,172.31.27.23,172.31.28.23,TATA,Yes,Sentry 5,1,"1:AC3,5.1 2:AC3,eng",Port 153,Port 1153
SCI,SCI,SCI,232.70.17.21,1234,172.31.27.23,172.31.28.23,TATA,Yes,Sentry 5,1,"1:AC3,5.1 2:AC3,eng",Port 154,Port 1154
ID,ID,ID,232.70.17.19,1234,172.31.27.23,172.31.28.23,TATA,Yes,Sentry 5,1,"1:AC3,5.1 2:AC3,spa 3:AC3,eng",Port 155,Port 1155
DSCE,DSCE,DSCE,232.70.17.17,1234,172.31.27.23,172.31.28.23,TATA,Yes,Sentry 5,1,"1:AC3,5.1 2:AC3,spa 3:AC3,ton",Port 156,Port 1156
DSFAM,DSFAM,DSFAM,232.70.17.18,1234,172.31.27.23,172.31.28.23,TATA,Yes,Sentry 5,1,"1:AC3,5.1 2:AC3,spa 3:AC3,ton",Port 157,Port 1157
AHC,AHC,AHC,232.70.17.16,1234,172.31.27.23,172.31.28.23,TATA,Yes,Sentry 5,1,"1:AC3,5.1 2:AC3,eng",Port 158,Port 1158
AMERI,AMERI,AMERI,232.70.17.14,1234,172.31.27.23,172.31.28.23,TATA,Yes,Sentry 5,1,"1:AC3,5.1 2:AC3,eng",Port 159,Port 1159
PPV4,NA,PPV4,232.23.36.59,3101,172.31.1.22,172.31.2.22,Gilbert MCR,Yes,Sentry 5,0,,Port 160,Port 1160
PTCPG,PTCPG,PTCPG,232.20.5.173,3101,172.31.1.24,172.31.2.24,DBS,Yes,Sentry 5,0,,Port 161,Port 1161
PTCSR,PTCSR,PTCSR,232.70.5.86,1234,172.31.27.23,172.31.28.23,ZIXI,Yes,Sentry 5,0,,Port 162,Port 1162
PTCM,PTCM,PTCM,232.70.5.85,1234,172.31.27.23,172.31.28.23,DBS,Yes,Sentry 5,0,,Port 163,Port 1163
PTCDT,PTCDT,PTCDT,232.70.5.87,1234,172.31.27.23,172.31.28.23,DBS,Yes,Sentry 5,0,,Port 164,Port 1164
GURBAA,GURBAA,GURBAA,232.23.13.153,3101,172.31.1.24,172.31.2.24,NEXTOLOGIES,Yes,Sentry 5,0,,Port 165,Port 1165
PXSPT,PXSPT,PXSPT,232.168.50.153,3101, 172.31.1.32,172.31.2.32,Gilbert IRD,Yes,Sentry 5,0,,Port 166,Port 1166
FRPRV,FRPRV,FRPRV,232.23.36.55,3101,172.31.1.22,172.31.2.22,Gilbert MCR,Yes,Sentry 5,0,,Port 167,Port 1167
KTFD,KTFD,KTFD,232.30.53.12,3101,172.31.1.23,172.31.2.23,LOCALS,Yes,Sentry 5,0,,Port 168,Port 1168
BEIN2,BEIN2,BEIN2,232.168.50.111,3101,172.31.1.31,172.31.2.31,Eurovision SRT,Yes,Sentry 5,0,,Port 169,Port 1169
COMET,NA,COMET,232.70.4.12,1234,172.31.27.23,172.31.28.23,LTN,Yes,Sentry 5,0,,Port 170,Port 1170
